source	destination
docs/backlog/README.md	backlog/README.md
docs/backlog/discoveries.md	backlog/discoveries.md
docs/backlog/owed-0.7.x-rows.md	backlog/owed-0.7.x-rows.md
docs/design-v0.6.0/01-macro-entry-diagnostics/cc-prompt.md	project02-language-toolchain-alignment/arc15.1-macro-entry-diagnostics/slice01-macro-entry-diagnostics/cc-prompt.md
docs/design-v0.6.0/01-macro-entry-diagnostics/cdc-verification.md	project02-language-toolchain-alignment/arc15.1-macro-entry-diagnostics/slice01-macro-entry-diagnostics/cdc-verification.md
docs/design-v0.6.0/01-macro-entry-diagnostics/closing-report.md	project02-language-toolchain-alignment/arc15.1-macro-entry-diagnostics/slice01-macro-entry-diagnostics/closing-report.md
docs/design-v0.6.0/01-macro-entry-diagnostics/ledger.md	project02-language-toolchain-alignment/arc15.1-macro-entry-diagnostics/slice01-macro-entry-diagnostics/ledger.md
docs/design-v0.6.0/01-macro-entry-diagnostics/slice-doc.md	project02-language-toolchain-alignment/arc15.1-macro-entry-diagnostics/slice01-macro-entry-diagnostics/slice-plan.md
docs/design-v0.6.0/02-artifact-homes/cc-prompt.md	project02-language-toolchain-alignment/arc16.1-artifact-homes/slice01-artifact-homes/cc-prompt.md
docs/design-v0.6.0/02-artifact-homes/cdc-verification.md	project02-language-toolchain-alignment/arc16.1-artifact-homes/slice01-artifact-homes/cdc-verification.md
docs/design-v0.6.0/02-artifact-homes/closing-report.md	project02-language-toolchain-alignment/arc16.1-artifact-homes/slice01-artifact-homes/closing-report.md
docs/design-v0.6.0/02-artifact-homes/ledger.md	project02-language-toolchain-alignment/arc16.1-artifact-homes/slice01-artifact-homes/ledger.md
docs/design-v0.6.0/02-artifact-homes/slice-doc.md	project02-language-toolchain-alignment/arc16.1-artifact-homes/slice01-artifact-homes/slice-plan.md
docs/design-v0.6.0/03-citation-repoint/cc-prompt.md	project02-language-toolchain-alignment/arc16.2-citation-repoint/slice01-citation-repoint/cc-prompt.md
docs/design-v0.6.0/03-citation-repoint/cdc-verification.md	project02-language-toolchain-alignment/arc16.2-citation-repoint/slice01-citation-repoint/cdc-verification.md
docs/design-v0.6.0/03-citation-repoint/closing-report.md	project02-language-toolchain-alignment/arc16.2-citation-repoint/slice01-citation-repoint/closing-report.md
docs/design-v0.6.0/03-citation-repoint/ledger.md	project02-language-toolchain-alignment/arc16.2-citation-repoint/slice01-citation-repoint/ledger.md
docs/design-v0.6.0/03-citation-repoint/slice-doc.md	project02-language-toolchain-alignment/arc16.2-citation-repoint/slice01-citation-repoint/slice-plan.md
docs/design-v0.6.0/BOOTSTRAP.md	project02-language-toolchain-alignment/BOOTSTRAP.md
docs/design-v0.6.0/README.md	project02-language-toolchain-alignment/README.md
docs/design-v0.6.0/_anti-patterns-verification-cc-prompt-2026-06-30.md	project02-language-toolchain-alignment/_anti-patterns-verification-cc-prompt-2026-06-30.md
docs/design-v0.6.0/_merge2-resolution-cc-prompt-2026-06-29.md	project02-language-toolchain-alignment/_merge2-resolution-cc-prompt-2026-06-29.md
docs/design-v0.6.0/_reconciliation-2026-06-29.md	project02-language-toolchain-alignment/_reconciliation-2026-06-29.md
docs/design-v0.6.0/arc01-build-publish-toolchain/arc-plan.md	project02-language-toolchain-alignment/arc01-build-publish-toolchain/arc-plan.md
docs/design-v0.6.0/arc01-build-publish-toolchain/design/kickoff-thread.md	project02-language-toolchain-alignment/arc01-build-publish-toolchain/design/kickoff-thread.md
docs/design-v0.6.0/arc01-build-publish-toolchain/kickoff-thread-build-dir-and-publish-dirty-check.md	project02-language-toolchain-alignment/arc01-build-publish-toolchain/kickoff-thread-build-dir-and-publish-dirty-check.md
docs/design-v0.6.0/arc01-build-publish-toolchain/slice01-build-dir-and-publish-dirty-check/closing-report.md	project02-language-toolchain-alignment/arc01-build-publish-toolchain/slice01-build-dir-and-publish-dirty-check/closing-report.md
docs/design-v0.6.0/arc01-build-publish-toolchain/slice01-build-dir-and-publish-dirty-check/ledger.md	project02-language-toolchain-alignment/arc01-build-publish-toolchain/slice01-build-dir-and-publish-dirty-check/ledger.md
docs/design-v0.6.0/arc01-build-publish-toolchain/slice01-build-dir-and-publish-dirty-check/slice-doc.md	project02-language-toolchain-alignment/arc01-build-publish-toolchain/slice01-build-dir-and-publish-dirty-check/slice-plan.md
docs/design-v0.6.0/arc02-type-dts-generation/arc-plan.md	project02-language-toolchain-alignment/arc02-type-dts-generation/arc-plan.md
docs/design-v0.6.0/arc02-type-dts-generation/design/dd-56-canonical-form-spec-DRAFT.md	project02-language-toolchain-alignment/arc02-type-dts-generation/design/dd-56-canonical-form-spec-DRAFT.md
docs/design-v0.6.0/arc02-type-dts-generation/slice01-dts-from-type-annotations/cc-prompt-followup.md	project02-language-toolchain-alignment/arc02-type-dts-generation/slice01-dts-from-type-annotations/cc-prompt-followup.md
docs/design-v0.6.0/arc02-type-dts-generation/slice01-dts-from-type-annotations/cc-prompt.md	project02-language-toolchain-alignment/arc02-type-dts-generation/slice01-dts-from-type-annotations/cc-prompt.md
docs/design-v0.6.0/arc02-type-dts-generation/slice01-dts-from-type-annotations/cdc-verification.md	project02-language-toolchain-alignment/arc02-type-dts-generation/slice01-dts-from-type-annotations/cdc-verification.md
docs/design-v0.6.0/arc02-type-dts-generation/slice01-dts-from-type-annotations/closing-report.md	project02-language-toolchain-alignment/arc02-type-dts-generation/slice01-dts-from-type-annotations/closing-report.md
docs/design-v0.6.0/arc02-type-dts-generation/slice01-dts-from-type-annotations/design/diagnosis-cdc-approval.md	project02-language-toolchain-alignment/arc02-type-dts-generation/slice01-dts-from-type-annotations/design/diagnosis-cdc-approval.md
docs/design-v0.6.0/arc02-type-dts-generation/slice01-dts-from-type-annotations/design/diagnosis.md	project02-language-toolchain-alignment/arc02-type-dts-generation/slice01-dts-from-type-annotations/design/diagnosis.md
docs/design-v0.6.0/arc02-type-dts-generation/slice01-dts-from-type-annotations/design/pre-dd-inventory.md	project02-language-toolchain-alignment/arc02-type-dts-generation/slice01-dts-from-type-annotations/design/pre-dd-inventory.md
docs/design-v0.6.0/arc02-type-dts-generation/slice01-dts-from-type-annotations/slice-doc.md	project02-language-toolchain-alignment/arc02-type-dts-generation/slice01-dts-from-type-annotations/slice-plan.md
docs/design-v0.6.0/arc03-compiler-coherence/2026-05-10-compiler-coherence-thread-opening.md	project02-language-toolchain-alignment/arc03-compiler-coherence/2026-05-10-compiler-coherence-thread-opening.md
docs/design-v0.6.0/arc03-compiler-coherence/arc-plan.md	project02-language-toolchain-alignment/arc03-compiler-coherence/arc-plan.md
docs/design-v0.6.0/arc03-compiler-coherence/closing-report.md	project02-language-toolchain-alignment/arc03-compiler-coherence/closing-report.md
docs/design-v0.6.0/arc03-compiler-coherence/design/compiler-coherence-thread-opening.md	project02-language-toolchain-alignment/arc03-compiler-coherence/design/compiler-coherence-thread-opening.md
docs/design-v0.6.0/arc03-compiler-coherence/design/dd-37-readiness-review.md	project02-language-toolchain-alignment/arc03-compiler-coherence/design/dd-37-readiness-review.md
docs/design-v0.6.0/arc03-compiler-coherence/design/dd-58-kernel-surface-separation-DRAFT.md	project02-language-toolchain-alignment/arc03-compiler-coherence/design/dd-58-kernel-surface-separation-DRAFT.md
docs/design-v0.6.0/arc03-compiler-coherence/design/finding-e-empirical-disconfirmation.md	project02-language-toolchain-alignment/arc03-compiler-coherence/design/finding-e-empirical-disconfirmation.md
docs/design-v0.6.0/arc03-compiler-coherence/design/handoff-surface-kernel-separation.md	project02-language-toolchain-alignment/arc03-compiler-coherence/design/handoff-surface-kernel-separation.md
docs/design-v0.6.0/arc03-compiler-coherence/design/kickoff-thread.md	project02-language-toolchain-alignment/arc03-compiler-coherence/design/kickoff-thread.md
docs/design-v0.6.0/arc03-compiler-coherence/design/phase-1a-test-failure-triage.md	project02-language-toolchain-alignment/arc03-compiler-coherence/design/phase-1a-test-failure-triage.md
docs/design-v0.6.0/arc03-compiler-coherence/design/phase-1c-classification-audit.md	project02-language-toolchain-alignment/arc03-compiler-coherence/design/phase-1c-classification-audit.md
docs/design-v0.6.0/arc03-compiler-coherence/design/phase-2-divergence-catalog.md	project02-language-toolchain-alignment/arc03-compiler-coherence/design/phase-2-divergence-catalog.md
docs/design-v0.6.0/arc03-compiler-coherence/design/phase-3-synthesis-plan.md	project02-language-toolchain-alignment/arc03-compiler-coherence/design/phase-3-synthesis-plan.md
docs/design-v0.6.0/arc03-compiler-coherence/handoff-surface-kernel-separation-2026-05-14.md	project02-language-toolchain-alignment/arc03-compiler-coherence/handoff-surface-kernel-separation-2026-05-14.md
docs/design-v0.6.0/arc03-compiler-coherence/kickoff-thread-compiler-architecture-coherence.md	project02-language-toolchain-alignment/arc03-compiler-coherence/kickoff-thread-compiler-architecture-coherence.md
docs/design-v0.6.0/arc03-compiler-coherence/slice01-cross-compiler-hygiene/cc-prompt.md	project02-language-toolchain-alignment/arc03-compiler-coherence/slice01-cross-compiler-hygiene/cc-prompt.md
docs/design-v0.6.0/arc03-compiler-coherence/slice01-cross-compiler-hygiene/cdc-verification.md	project02-language-toolchain-alignment/arc03-compiler-coherence/slice01-cross-compiler-hygiene/cdc-verification.md
docs/design-v0.6.0/arc03-compiler-coherence/slice01-cross-compiler-hygiene/closing-report.md	project02-language-toolchain-alignment/arc03-compiler-coherence/slice01-cross-compiler-hygiene/closing-report.md
docs/design-v0.6.0/arc03-compiler-coherence/slice01-cross-compiler-hygiene/design/formatting-divergences-diagnosis-cdc.md	project02-language-toolchain-alignment/arc03-compiler-coherence/slice01-cross-compiler-hygiene/design/formatting-divergences-diagnosis-cdc.md
docs/design-v0.6.0/arc03-compiler-coherence/slice01-cross-compiler-hygiene/design/formatting-divergences-diagnosis.md	project02-language-toolchain-alignment/arc03-compiler-coherence/slice01-cross-compiler-hygiene/design/formatting-divergences-diagnosis.md
docs/design-v0.6.0/arc03-compiler-coherence/slice01-cross-compiler-hygiene/design/formatting-divergences-turn2-prompt.md	project02-language-toolchain-alignment/arc03-compiler-coherence/slice01-cross-compiler-hygiene/design/formatting-divergences-turn2-prompt.md
docs/design-v0.6.0/arc03-compiler-coherence/slice01-cross-compiler-hygiene/ledger.md	project02-language-toolchain-alignment/arc03-compiler-coherence/slice01-cross-compiler-hygiene/ledger.md
docs/design-v0.6.0/arc03-compiler-coherence/slice01-cross-compiler-hygiene/slice-doc.md	project02-language-toolchain-alignment/arc03-compiler-coherence/slice01-cross-compiler-hygiene/slice-plan.md
docs/design-v0.6.0/arc03-compiler-coherence/slice01-cross-compiler-hygiene/verify/baseline.txt	project02-language-toolchain-alignment/arc03-compiler-coherence/slice01-cross-compiler-hygiene/verify/baseline.txt
docs/design-v0.6.0/arc03-compiler-coherence/slice01-cross-compiler-hygiene/verify/compileboth-audit.md	project02-language-toolchain-alignment/arc03-compiler-coherence/slice01-cross-compiler-hygiene/verify/compileboth-audit.md
docs/design-v0.6.0/arc03-compiler-coherence/slice01-cross-compiler-hygiene/verify/kernel-profile-audit.md	project02-language-toolchain-alignment/arc03-compiler-coherence/slice01-cross-compiler-hygiene/verify/kernel-profile-audit.md
docs/design-v0.6.0/arc03-compiler-coherence/slice01-cross-compiler-hygiene/verify/value-override-audit.md	project02-language-toolchain-alignment/arc03-compiler-coherence/slice01-cross-compiler-hygiene/verify/value-override-audit.md
docs/design-v0.6.0/arc03-compiler-coherence/slice02-dd58-kernel-prefix/cc-prompt.md	project02-language-toolchain-alignment/arc03-compiler-coherence/slice02-dd58-kernel-prefix/cc-prompt.md
docs/design-v0.6.0/arc03-compiler-coherence/slice02-dd58-kernel-prefix/cdc-verification.md	project02-language-toolchain-alignment/arc03-compiler-coherence/slice02-dd58-kernel-prefix/cdc-verification.md
docs/design-v0.6.0/arc03-compiler-coherence/slice02-dd58-kernel-prefix/closing-report.md	project02-language-toolchain-alignment/arc03-compiler-coherence/slice02-dd58-kernel-prefix/closing-report.md
docs/design-v0.6.0/arc03-compiler-coherence/slice02-dd58-kernel-prefix/ledger.md	project02-language-toolchain-alignment/arc03-compiler-coherence/slice02-dd58-kernel-prefix/ledger.md
docs/design-v0.6.0/arc03-compiler-coherence/slice02-dd58-kernel-prefix/slice-doc.md	project02-language-toolchain-alignment/arc03-compiler-coherence/slice02-dd58-kernel-prefix/slice-plan.md
docs/design-v0.6.0/arc03-compiler-coherence/slice02-dd58-kernel-prefix/verify/baseline.txt	project02-language-toolchain-alignment/arc03-compiler-coherence/slice02-dd58-kernel-prefix/verify/baseline.txt
docs/design-v0.6.0/arc03-compiler-coherence/slice03-dd58-namespace-dispatch/cc-prompt.md	project02-language-toolchain-alignment/arc03-compiler-coherence/slice03-dd58-namespace-dispatch/cc-prompt.md
docs/design-v0.6.0/arc03-compiler-coherence/slice03-dd58-namespace-dispatch/cdc-verification.md	project02-language-toolchain-alignment/arc03-compiler-coherence/slice03-dd58-namespace-dispatch/cdc-verification.md
docs/design-v0.6.0/arc03-compiler-coherence/slice03-dd58-namespace-dispatch/closing-report.md	project02-language-toolchain-alignment/arc03-compiler-coherence/slice03-dd58-namespace-dispatch/closing-report.md
docs/design-v0.6.0/arc03-compiler-coherence/slice03-dd58-namespace-dispatch/ledger.md	project02-language-toolchain-alignment/arc03-compiler-coherence/slice03-dd58-namespace-dispatch/ledger.md
docs/design-v0.6.0/arc03-compiler-coherence/slice03-dd58-namespace-dispatch/slice-doc.md	project02-language-toolchain-alignment/arc03-compiler-coherence/slice03-dd58-namespace-dispatch/slice-plan.md
docs/design-v0.6.0/arc03-compiler-coherence/slice03-dd58-namespace-dispatch/verify/baseline.txt	project02-language-toolchain-alignment/arc03-compiler-coherence/slice03-dd58-namespace-dispatch/verify/baseline.txt
docs/design-v0.6.0/arc03-compiler-coherence/slice04-dd58-test-migration/cc-prompt.md	project02-language-toolchain-alignment/arc03-compiler-coherence/slice04-dd58-test-migration/cc-prompt.md
docs/design-v0.6.0/arc03-compiler-coherence/slice04-dd58-test-migration/cdc-verification.md	project02-language-toolchain-alignment/arc03-compiler-coherence/slice04-dd58-test-migration/cdc-verification.md
docs/design-v0.6.0/arc03-compiler-coherence/slice04-dd58-test-migration/closing-report.md	project02-language-toolchain-alignment/arc03-compiler-coherence/slice04-dd58-test-migration/closing-report.md
docs/design-v0.6.0/arc03-compiler-coherence/slice04-dd58-test-migration/ledger.md	project02-language-toolchain-alignment/arc03-compiler-coherence/slice04-dd58-test-migration/ledger.md
docs/design-v0.6.0/arc03-compiler-coherence/slice04-dd58-test-migration/slice-doc.md	project02-language-toolchain-alignment/arc03-compiler-coherence/slice04-dd58-test-migration/slice-plan.md
docs/design-v0.6.0/arc03-compiler-coherence/slice04-dd58-test-migration/verify/baseline.txt	project02-language-toolchain-alignment/arc03-compiler-coherence/slice04-dd58-test-migration/verify/baseline.txt
docs/design-v0.6.0/arc03-compiler-coherence/slice04-dd58-test-migration/verify/test-migration-audit.md	project02-language-toolchain-alignment/arc03-compiler-coherence/slice04-dd58-test-migration/verify/test-migration-audit.md
docs/design-v0.6.0/arc03-compiler-coherence/slice05-dd58-kernel-corpus/cc-prompt.md	project02-language-toolchain-alignment/arc03-compiler-coherence/slice05-dd58-kernel-corpus/cc-prompt.md
docs/design-v0.6.0/arc03-compiler-coherence/slice05-dd58-kernel-corpus/cdc-verification.md	project02-language-toolchain-alignment/arc03-compiler-coherence/slice05-dd58-kernel-corpus/cdc-verification.md
docs/design-v0.6.0/arc03-compiler-coherence/slice05-dd58-kernel-corpus/closing-report.md	project02-language-toolchain-alignment/arc03-compiler-coherence/slice05-dd58-kernel-corpus/closing-report.md
docs/design-v0.6.0/arc03-compiler-coherence/slice05-dd58-kernel-corpus/ledger.md	project02-language-toolchain-alignment/arc03-compiler-coherence/slice05-dd58-kernel-corpus/ledger.md
docs/design-v0.6.0/arc03-compiler-coherence/slice05-dd58-kernel-corpus/slice-doc.md	project02-language-toolchain-alignment/arc03-compiler-coherence/slice05-dd58-kernel-corpus/slice-plan.md
docs/design-v0.6.0/arc03-compiler-coherence/slice05-dd58-kernel-corpus/verify/baseline.txt	project02-language-toolchain-alignment/arc03-compiler-coherence/slice05-dd58-kernel-corpus/verify/baseline.txt
docs/design-v0.6.0/arc03-compiler-coherence/slice05-dd58-kernel-corpus/verify/compile-string-audit.md	project02-language-toolchain-alignment/arc03-compiler-coherence/slice05-dd58-kernel-corpus/verify/compile-string-audit.md
docs/design-v0.6.0/arc03-compiler-coherence/slice05-dd58-kernel-corpus/verify/design-confirmation.md	project02-language-toolchain-alignment/arc03-compiler-coherence/slice05-dd58-kernel-corpus/verify/design-confirmation.md
docs/design-v0.6.0/arc03-compiler-coherence/slice06-dd58-phase1-polish/cc-prompt.md	project02-language-toolchain-alignment/arc03-compiler-coherence/slice06-dd58-phase1-polish/cc-prompt.md
docs/design-v0.6.0/arc03-compiler-coherence/slice06-dd58-phase1-polish/cdc-verification.md	project02-language-toolchain-alignment/arc03-compiler-coherence/slice06-dd58-phase1-polish/cdc-verification.md
docs/design-v0.6.0/arc03-compiler-coherence/slice06-dd58-phase1-polish/closing-report.md	project02-language-toolchain-alignment/arc03-compiler-coherence/slice06-dd58-phase1-polish/closing-report.md
docs/design-v0.6.0/arc03-compiler-coherence/slice06-dd58-phase1-polish/slice-doc.md	project02-language-toolchain-alignment/arc03-compiler-coherence/slice06-dd58-phase1-polish/slice-plan.md
docs/design-v0.6.0/arc03-compiler-coherence/slice07-dd37-bundle-baseline/cc-prompt.md	project02-language-toolchain-alignment/arc03-compiler-coherence/slice07-dd37-bundle-baseline/cc-prompt.md
docs/design-v0.6.0/arc03-compiler-coherence/slice07-dd37-bundle-baseline/cdc-verification.md	project02-language-toolchain-alignment/arc03-compiler-coherence/slice07-dd37-bundle-baseline/cdc-verification.md
docs/design-v0.6.0/arc03-compiler-coherence/slice07-dd37-bundle-baseline/closing-report.md	project02-language-toolchain-alignment/arc03-compiler-coherence/slice07-dd37-bundle-baseline/closing-report.md
docs/design-v0.6.0/arc03-compiler-coherence/slice07-dd37-bundle-baseline/ledger.md	project02-language-toolchain-alignment/arc03-compiler-coherence/slice07-dd37-bundle-baseline/ledger.md
docs/design-v0.6.0/arc03-compiler-coherence/slice07-dd37-bundle-baseline/slice-doc.md	project02-language-toolchain-alignment/arc03-compiler-coherence/slice07-dd37-bundle-baseline/slice-plan.md
docs/design-v0.6.0/arc03-compiler-coherence/slice07-dd37-bundle-baseline/verify/baseline.md	project02-language-toolchain-alignment/arc03-compiler-coherence/slice07-dd37-bundle-baseline/verify/baseline.md
docs/design-v0.6.0/arc03-compiler-coherence/slice07-dd37-bundle-baseline/verify/design-confirmation.md	project02-language-toolchain-alignment/arc03-compiler-coherence/slice07-dd37-bundle-baseline/verify/design-confirmation.md
docs/design-v0.6.0/arc03-compiler-coherence/slice08-dd37-per-form-migration/cc-prompt.md	project02-language-toolchain-alignment/arc03-compiler-coherence/slice08-dd37-per-form-migration/cc-prompt.md
docs/design-v0.6.0/arc03-compiler-coherence/slice08-dd37-per-form-migration/cdc-verification.md	project02-language-toolchain-alignment/arc03-compiler-coherence/slice08-dd37-per-form-migration/cdc-verification.md
docs/design-v0.6.0/arc03-compiler-coherence/slice08-dd37-per-form-migration/closing-report.md	project02-language-toolchain-alignment/arc03-compiler-coherence/slice08-dd37-per-form-migration/closing-report.md
docs/design-v0.6.0/arc03-compiler-coherence/slice08-dd37-per-form-migration/design/m22-audit-report.md	project02-language-toolchain-alignment/arc03-compiler-coherence/slice08-dd37-per-form-migration/design/m22-audit-report.md
docs/design-v0.6.0/arc03-compiler-coherence/slice08-dd37-per-form-migration/design/mid-flight-option-c-directive.md	project02-language-toolchain-alignment/arc03-compiler-coherence/slice08-dd37-per-form-migration/design/mid-flight-option-c-directive.md
docs/design-v0.6.0/arc03-compiler-coherence/slice08-dd37-per-form-migration/ledger.md	project02-language-toolchain-alignment/arc03-compiler-coherence/slice08-dd37-per-form-migration/ledger.md
docs/design-v0.6.0/arc03-compiler-coherence/slice08-dd37-per-form-migration/slice-doc.md	project02-language-toolchain-alignment/arc03-compiler-coherence/slice08-dd37-per-form-migration/slice-plan.md
docs/design-v0.6.0/arc03-compiler-coherence/slice08-dd37-per-form-migration/verify/baseline.md	project02-language-toolchain-alignment/arc03-compiler-coherence/slice08-dd37-per-form-migration/verify/baseline.md
docs/design-v0.6.0/arc03-compiler-coherence/slice08-dd37-per-form-migration/verify/design-confirmation.md	project02-language-toolchain-alignment/arc03-compiler-coherence/slice08-dd37-per-form-migration/verify/design-confirmation.md
docs/design-v0.6.0/arc03-compiler-coherence/slice08-dd37-per-form-migration/verify/form-inventory.md	project02-language-toolchain-alignment/arc03-compiler-coherence/slice08-dd37-per-form-migration/verify/form-inventory.md
docs/design-v0.6.0/arc03-compiler-coherence/slice09-cross-compiler-fast-follows/fast-follows/closest-kernel-form-refactor/cc-prompt.md	project02-language-toolchain-alignment/arc03-compiler-coherence/slice09-cross-compiler-fast-follows/fast-follows/closest-kernel-form-refactor/cc-prompt.md
docs/design-v0.6.0/arc03-compiler-coherence/slice09-cross-compiler-fast-follows/fast-follows/closest-kernel-form-refactor/cdc-verification.md	project02-language-toolchain-alignment/arc03-compiler-coherence/slice09-cross-compiler-fast-follows/fast-follows/closest-kernel-form-refactor/cdc-verification.md
docs/design-v0.6.0/arc03-compiler-coherence/slice09-cross-compiler-fast-follows/fast-follows/closest-kernel-form-refactor/closing-report.md	project02-language-toolchain-alignment/arc03-compiler-coherence/slice09-cross-compiler-fast-follows/fast-follows/closest-kernel-form-refactor/closing-report.md
docs/design-v0.6.0/arc03-compiler-coherence/slice09-cross-compiler-fast-follows/fast-follows/compileboth-source-context-path/cc-prompt.md	project02-language-toolchain-alignment/arc03-compiler-coherence/slice09-cross-compiler-fast-follows/fast-follows/compileboth-source-context-path/cc-prompt.md
docs/design-v0.6.0/arc03-compiler-coherence/slice09-cross-compiler-fast-follows/fast-follows/compileboth-source-context-path/cdc-verification.md	project02-language-toolchain-alignment/arc03-compiler-coherence/slice09-cross-compiler-fast-follows/fast-follows/compileboth-source-context-path/cdc-verification.md
docs/design-v0.6.0/arc03-compiler-coherence/slice09-cross-compiler-fast-follows/fast-follows/compileboth-source-context-path/closing-report.md	project02-language-toolchain-alignment/arc03-compiler-coherence/slice09-cross-compiler-fast-follows/fast-follows/compileboth-source-context-path/closing-report.md
docs/design-v0.6.0/arc03-compiler-coherence/slice09-cross-compiler-fast-follows/fast-follows/drive-by-cleanups/cc-prompt.md	project02-language-toolchain-alignment/arc03-compiler-coherence/slice09-cross-compiler-fast-follows/fast-follows/drive-by-cleanups/cc-prompt.md
docs/design-v0.6.0/arc03-compiler-coherence/slice09-cross-compiler-fast-follows/fast-follows/drive-by-cleanups/closing-report.md	project02-language-toolchain-alignment/arc03-compiler-coherence/slice09-cross-compiler-fast-follows/fast-follows/drive-by-cleanups/closing-report.md
docs/design-v0.6.0/arc03-compiler-coherence/slice09-cross-compiler-fast-follows/fast-follows/import-macros-divergence/cc-prompt.md	project02-language-toolchain-alignment/arc03-compiler-coherence/slice09-cross-compiler-fast-follows/fast-follows/import-macros-divergence/cc-prompt.md
docs/design-v0.6.0/arc03-compiler-coherence/slice09-cross-compiler-fast-follows/fast-follows/import-macros-divergence/cdc-verification.md	project02-language-toolchain-alignment/arc03-compiler-coherence/slice09-cross-compiler-fast-follows/fast-follows/import-macros-divergence/cdc-verification.md
docs/design-v0.6.0/arc03-compiler-coherence/slice09-cross-compiler-fast-follows/fast-follows/import-macros-divergence/closing-report.md	project02-language-toolchain-alignment/arc03-compiler-coherence/slice09-cross-compiler-fast-follows/fast-follows/import-macros-divergence/closing-report.md
docs/design-v0.6.0/arc03-compiler-coherence/slice09-cross-compiler-fast-follows/fast-follows/import-macros-divergence/diagnosis.md	project02-language-toolchain-alignment/arc03-compiler-coherence/slice09-cross-compiler-fast-follows/fast-follows/import-macros-divergence/diagnosis.md
docs/design-v0.6.0/arc03-compiler-coherence/slice09-cross-compiler-fast-follows/fast-follows/wishlist-cleanup/cc-prompt.md	project02-language-toolchain-alignment/arc03-compiler-coherence/slice09-cross-compiler-fast-follows/fast-follows/wishlist-cleanup/cc-prompt.md
docs/design-v0.6.0/arc03-compiler-coherence/slice09-cross-compiler-fast-follows/fast-follows/wishlist-cleanup/cdc-verification.md	project02-language-toolchain-alignment/arc03-compiler-coherence/slice09-cross-compiler-fast-follows/fast-follows/wishlist-cleanup/cdc-verification.md
docs/design-v0.6.0/arc03-compiler-coherence/slice09-cross-compiler-fast-follows/fast-follows/wishlist-cleanup/closing-report.md	project02-language-toolchain-alignment/arc03-compiler-coherence/slice09-cross-compiler-fast-follows/fast-follows/wishlist-cleanup/closing-report.md
docs/design-v0.6.0/arc03-compiler-coherence/slice09-cross-compiler-fast-follows/slice-doc.md	project02-language-toolchain-alignment/arc03-compiler-coherence/slice09-cross-compiler-fast-follows/slice-plan.md
docs/design-v0.6.0/arc03-compiler-coherence/slice10-icu-doctest-fences/cc-prompt.md	project02-language-toolchain-alignment/arc03-compiler-coherence/slice10-icu-doctest-fences/cc-prompt.md
docs/design-v0.6.0/arc03-compiler-coherence/slice10-icu-doctest-fences/closing-report.md	project02-language-toolchain-alignment/arc03-compiler-coherence/slice10-icu-doctest-fences/closing-report.md
docs/design-v0.6.0/arc03-compiler-coherence/slice10-icu-doctest-fences/slice-doc.md	project02-language-toolchain-alignment/arc03-compiler-coherence/slice10-icu-doctest-fences/slice-plan.md
docs/design-v0.6.0/arc03-compiler-coherence/slice11-cross-compiler-corpus-green/cc-prompt.md	project02-language-toolchain-alignment/arc03-compiler-coherence/slice11-cross-compiler-corpus-green/cc-prompt.md
docs/design-v0.6.0/arc03-compiler-coherence/slice11-cross-compiler-corpus-green/cdc-verification.md	project02-language-toolchain-alignment/arc03-compiler-coherence/slice11-cross-compiler-corpus-green/cdc-verification.md
docs/design-v0.6.0/arc03-compiler-coherence/slice11-cross-compiler-corpus-green/closing-report.md	project02-language-toolchain-alignment/arc03-compiler-coherence/slice11-cross-compiler-corpus-green/closing-report.md
docs/design-v0.6.0/arc03-compiler-coherence/slice11-cross-compiler-corpus-green/ledger.md	project02-language-toolchain-alignment/arc03-compiler-coherence/slice11-cross-compiler-corpus-green/ledger.md
docs/design-v0.6.0/arc03-compiler-coherence/slice11-cross-compiler-corpus-green/slice-doc.md	project02-language-toolchain-alignment/arc03-compiler-coherence/slice11-cross-compiler-corpus-green/slice-plan.md
docs/design-v0.6.0/arc04-refactor-tooling/arc-plan.md	project02-language-toolchain-alignment/arc04-refactor-tooling/arc-plan.md
docs/design-v0.6.0/arc04-refactor-tooling/closing-report.md	project02-language-toolchain-alignment/arc04-refactor-tooling/closing-report.md
docs/design-v0.6.0/arc04-refactor-tooling/design/m22.5-audit-prompt.md	project02-language-toolchain-alignment/arc04-refactor-tooling/design/m22.5-audit-prompt.md
docs/design-v0.6.0/arc04-refactor-tooling/design/move-function-tool-spec-SUPERSEDED.md	project02-language-toolchain-alignment/arc04-refactor-tooling/design/move-function-tool-spec-SUPERSEDED.md
docs/design-v0.6.0/arc04-refactor-tooling/slice01-move-function-core/cc-prompt.md	project02-language-toolchain-alignment/arc04-refactor-tooling/slice01-move-function-core/cc-prompt.md
docs/design-v0.6.0/arc04-refactor-tooling/slice01-move-function-core/cdc-verification.md	project02-language-toolchain-alignment/arc04-refactor-tooling/slice01-move-function-core/cdc-verification.md
docs/design-v0.6.0/arc04-refactor-tooling/slice01-move-function-core/closing-report.md	project02-language-toolchain-alignment/arc04-refactor-tooling/slice01-move-function-core/closing-report.md
docs/design-v0.6.0/arc04-refactor-tooling/slice01-move-function-core/ledger.md	project02-language-toolchain-alignment/arc04-refactor-tooling/slice01-move-function-core/ledger.md
docs/design-v0.6.0/arc04-refactor-tooling/slice01-move-function-core/slice-doc.md	project02-language-toolchain-alignment/arc04-refactor-tooling/slice01-move-function-core/slice-plan.md
docs/design-v0.6.0/arc04-refactor-tooling/slice02-move-function-rewiring/cc-prompt.md	project02-language-toolchain-alignment/arc04-refactor-tooling/slice02-move-function-rewiring/cc-prompt.md
docs/design-v0.6.0/arc04-refactor-tooling/slice02-move-function-rewiring/cdc-verification.md	project02-language-toolchain-alignment/arc04-refactor-tooling/slice02-move-function-rewiring/cdc-verification.md
docs/design-v0.6.0/arc04-refactor-tooling/slice02-move-function-rewiring/closing-report.md	project02-language-toolchain-alignment/arc04-refactor-tooling/slice02-move-function-rewiring/closing-report.md
docs/design-v0.6.0/arc04-refactor-tooling/slice02-move-function-rewiring/ledger.md	project02-language-toolchain-alignment/arc04-refactor-tooling/slice02-move-function-rewiring/ledger.md
docs/design-v0.6.0/arc04-refactor-tooling/slice02-move-function-rewiring/slice-doc.md	project02-language-toolchain-alignment/arc04-refactor-tooling/slice02-move-function-rewiring/slice-plan.md
docs/design-v0.6.0/arc04-refactor-tooling/slice03-helper-extraction/cc-prompt.md	project02-language-toolchain-alignment/arc04-refactor-tooling/slice03-helper-extraction/cc-prompt.md
docs/design-v0.6.0/arc04-refactor-tooling/slice03-helper-extraction/cdc-verification.md	project02-language-toolchain-alignment/arc04-refactor-tooling/slice03-helper-extraction/cdc-verification.md
docs/design-v0.6.0/arc04-refactor-tooling/slice03-helper-extraction/closing-report.md	project02-language-toolchain-alignment/arc04-refactor-tooling/slice03-helper-extraction/closing-report.md
docs/design-v0.6.0/arc04-refactor-tooling/slice03-helper-extraction/ledger.md	project02-language-toolchain-alignment/arc04-refactor-tooling/slice03-helper-extraction/ledger.md
docs/design-v0.6.0/arc04-refactor-tooling/slice03-helper-extraction/slice-doc.md	project02-language-toolchain-alignment/arc04-refactor-tooling/slice03-helper-extraction/slice-plan.md
docs/design-v0.6.0/arc04-refactor-tooling/slice04-complex-form-extraction/cc-prompt.md	project02-language-toolchain-alignment/arc04-refactor-tooling/slice04-complex-form-extraction/cc-prompt.md
docs/design-v0.6.0/arc04-refactor-tooling/slice04-complex-form-extraction/cdc-verification.md	project02-language-toolchain-alignment/arc04-refactor-tooling/slice04-complex-form-extraction/cdc-verification.md
docs/design-v0.6.0/arc04-refactor-tooling/slice04-complex-form-extraction/closing-report.md	project02-language-toolchain-alignment/arc04-refactor-tooling/slice04-complex-form-extraction/closing-report.md
docs/design-v0.6.0/arc04-refactor-tooling/slice04-complex-form-extraction/ledger.md	project02-language-toolchain-alignment/arc04-refactor-tooling/slice04-complex-form-extraction/ledger.md
docs/design-v0.6.0/arc04-refactor-tooling/slice04-complex-form-extraction/slice-doc.md	project02-language-toolchain-alignment/arc04-refactor-tooling/slice04-complex-form-extraction/slice-plan.md
docs/design-v0.6.0/arc04-refactor-tooling/slice05-cleanup/cc-prompt.md	project02-language-toolchain-alignment/arc04-refactor-tooling/slice05-cleanup/cc-prompt.md
docs/design-v0.6.0/arc04-refactor-tooling/slice05-cleanup/cdc-verification.md	project02-language-toolchain-alignment/arc04-refactor-tooling/slice05-cleanup/cdc-verification.md
docs/design-v0.6.0/arc04-refactor-tooling/slice05-cleanup/closing-report.md	project02-language-toolchain-alignment/arc04-refactor-tooling/slice05-cleanup/closing-report.md
docs/design-v0.6.0/arc04-refactor-tooling/slice05-cleanup/ledger.md	project02-language-toolchain-alignment/arc04-refactor-tooling/slice05-cleanup/ledger.md
docs/design-v0.6.0/arc04-refactor-tooling/slice05-cleanup/slice-doc.md	project02-language-toolchain-alignment/arc04-refactor-tooling/slice05-cleanup/slice-plan.md
docs/design-v0.6.0/arc05-lykn-source-linter/arc-plan.md	project02-language-toolchain-alignment/arc05-lykn-source-linter/arc-plan.md
docs/design-v0.6.0/arc05-lykn-source-linter/closing-report.md	project02-language-toolchain-alignment/arc05-lykn-source-linter/closing-report.md
docs/design-v0.6.0/arc05-lykn-source-linter/design/dd-59-lykn-source-linter.md	project02-language-toolchain-alignment/arc05-lykn-source-linter/design/dd-59-lykn-source-linter.md
docs/design-v0.6.0/arc05-lykn-source-linter/design/kickoff-thread.md	project02-language-toolchain-alignment/arc05-lykn-source-linter/design/kickoff-thread.md
docs/design-v0.6.0/arc05-lykn-source-linter/slice01-lint-infra/cc-prompt.md	project02-language-toolchain-alignment/arc05-lykn-source-linter/slice01-lint-infra/cc-prompt.md
docs/design-v0.6.0/arc05-lykn-source-linter/slice01-lint-infra/cdc-verification.md	project02-language-toolchain-alignment/arc05-lykn-source-linter/slice01-lint-infra/cdc-verification.md
docs/design-v0.6.0/arc05-lykn-source-linter/slice01-lint-infra/closing-report.md	project02-language-toolchain-alignment/arc05-lykn-source-linter/slice01-lint-infra/closing-report.md
docs/design-v0.6.0/arc05-lykn-source-linter/slice01-lint-infra/ledger.md	project02-language-toolchain-alignment/arc05-lykn-source-linter/slice01-lint-infra/ledger.md
docs/design-v0.6.0/arc05-lykn-source-linter/slice01-lint-infra/slice-doc.md	project02-language-toolchain-alignment/arc05-lykn-source-linter/slice01-lint-infra/slice-plan.md
docs/design-v0.6.0/arc05-lykn-source-linter/slice02-shape-rule-corpus/cc-prompt.md	project02-language-toolchain-alignment/arc05-lykn-source-linter/slice02-shape-rule-corpus/cc-prompt.md
docs/design-v0.6.0/arc05-lykn-source-linter/slice02-shape-rule-corpus/cdc-verification.md	project02-language-toolchain-alignment/arc05-lykn-source-linter/slice02-shape-rule-corpus/cdc-verification.md
docs/design-v0.6.0/arc05-lykn-source-linter/slice02-shape-rule-corpus/closing-report.md	project02-language-toolchain-alignment/arc05-lykn-source-linter/slice02-shape-rule-corpus/closing-report.md
docs/design-v0.6.0/arc05-lykn-source-linter/slice02-shape-rule-corpus/ledger.md	project02-language-toolchain-alignment/arc05-lykn-source-linter/slice02-shape-rule-corpus/ledger.md
docs/design-v0.6.0/arc05-lykn-source-linter/slice02-shape-rule-corpus/slice-doc.md	project02-language-toolchain-alignment/arc05-lykn-source-linter/slice02-shape-rule-corpus/slice-plan.md
docs/design-v0.6.0/arc05-lykn-source-linter/slice03-resolution-consumer/cc-prompt.md	project02-language-toolchain-alignment/arc05-lykn-source-linter/slice03-resolution-consumer/cc-prompt.md
docs/design-v0.6.0/arc05-lykn-source-linter/slice03-resolution-consumer/cdc-verification.md	project02-language-toolchain-alignment/arc05-lykn-source-linter/slice03-resolution-consumer/cdc-verification.md
docs/design-v0.6.0/arc05-lykn-source-linter/slice03-resolution-consumer/closing-report.md	project02-language-toolchain-alignment/arc05-lykn-source-linter/slice03-resolution-consumer/closing-report.md
docs/design-v0.6.0/arc05-lykn-source-linter/slice03-resolution-consumer/ledger.md	project02-language-toolchain-alignment/arc05-lykn-source-linter/slice03-resolution-consumer/ledger.md
docs/design-v0.6.0/arc05-lykn-source-linter/slice03-resolution-consumer/slice-doc.md	project02-language-toolchain-alignment/arc05-lykn-source-linter/slice03-resolution-consumer/slice-plan.md
docs/design-v0.6.0/arc05-lykn-source-linter/slice04-integration-and-docs/cc-prompt.md	project02-language-toolchain-alignment/arc05-lykn-source-linter/slice04-integration-and-docs/cc-prompt.md
docs/design-v0.6.0/arc05-lykn-source-linter/slice04-integration-and-docs/cdc-verification.md	project02-language-toolchain-alignment/arc05-lykn-source-linter/slice04-integration-and-docs/cdc-verification.md
docs/design-v0.6.0/arc05-lykn-source-linter/slice04-integration-and-docs/closing-report.md	project02-language-toolchain-alignment/arc05-lykn-source-linter/slice04-integration-and-docs/closing-report.md
docs/design-v0.6.0/arc05-lykn-source-linter/slice04-integration-and-docs/ledger.md	project02-language-toolchain-alignment/arc05-lykn-source-linter/slice04-integration-and-docs/ledger.md
docs/design-v0.6.0/arc05-lykn-source-linter/slice04-integration-and-docs/slice-doc.md	project02-language-toolchain-alignment/arc05-lykn-source-linter/slice04-integration-and-docs/slice-plan.md
docs/design-v0.6.0/arc06-cross-project-dep-ergonomics/arc-plan.md	project02-language-toolchain-alignment/arc06-cross-project-dep-ergonomics/arc-plan.md
docs/design-v0.6.0/arc06-cross-project-dep-ergonomics/closing-report.md	project02-language-toolchain-alignment/arc06-cross-project-dep-ergonomics/closing-report.md
docs/design-v0.6.0/arc06-cross-project-dep-ergonomics/design/kickoff-thread.md	project02-language-toolchain-alignment/arc06-cross-project-dep-ergonomics/design/kickoff-thread.md
docs/design-v0.6.0/arc06-cross-project-dep-ergonomics/design/mycelium-bootstrap-issues.md	project02-language-toolchain-alignment/arc06-cross-project-dep-ergonomics/design/mycelium-bootstrap-issues.md
docs/design-v0.6.0/arc06-cross-project-dep-ergonomics/host-reconcile-runsheet.md	project02-language-toolchain-alignment/arc06-cross-project-dep-ergonomics/host-reconcile-runsheet.md
docs/design-v0.6.0/arc06-cross-project-dep-ergonomics/slice01-lang-exports-gap/cc-prompt.md	project02-language-toolchain-alignment/arc06-cross-project-dep-ergonomics/slice01-lang-exports-gap/cc-prompt.md
docs/design-v0.6.0/arc06-cross-project-dep-ergonomics/slice01-lang-exports-gap/cdc-verification.md	project02-language-toolchain-alignment/arc06-cross-project-dep-ergonomics/slice01-lang-exports-gap/cdc-verification.md
docs/design-v0.6.0/arc06-cross-project-dep-ergonomics/slice01-lang-exports-gap/closing-report.md	project02-language-toolchain-alignment/arc06-cross-project-dep-ergonomics/slice01-lang-exports-gap/closing-report.md
docs/design-v0.6.0/arc06-cross-project-dep-ergonomics/slice01-lang-exports-gap/design/finding.md	project02-language-toolchain-alignment/arc06-cross-project-dep-ergonomics/slice01-lang-exports-gap/design/finding.md
docs/design-v0.6.0/arc06-cross-project-dep-ergonomics/slice01-lang-exports-gap/slice-doc.md	project02-language-toolchain-alignment/arc06-cross-project-dep-ergonomics/slice01-lang-exports-gap/slice-plan.md
docs/design-v0.6.0/arc06-cross-project-dep-ergonomics/slice02-mycelium-reaudit/cc-prompt.md	project02-language-toolchain-alignment/arc06-cross-project-dep-ergonomics/slice02-mycelium-reaudit/cc-prompt.md
docs/design-v0.6.0/arc06-cross-project-dep-ergonomics/slice02-mycelium-reaudit/cdc-pre-audit.md	project02-language-toolchain-alignment/arc06-cross-project-dep-ergonomics/slice02-mycelium-reaudit/cdc-pre-audit.md
docs/design-v0.6.0/arc06-cross-project-dep-ergonomics/slice02-mycelium-reaudit/cdc-verification.md	project02-language-toolchain-alignment/arc06-cross-project-dep-ergonomics/slice02-mycelium-reaudit/cdc-verification.md
docs/design-v0.6.0/arc06-cross-project-dep-ergonomics/slice02-mycelium-reaudit/closing-report.md	project02-language-toolchain-alignment/arc06-cross-project-dep-ergonomics/slice02-mycelium-reaudit/closing-report.md
docs/design-v0.6.0/arc06-cross-project-dep-ergonomics/slice02-mycelium-reaudit/ledger.md	project02-language-toolchain-alignment/arc06-cross-project-dep-ergonomics/slice02-mycelium-reaudit/ledger.md
docs/design-v0.6.0/arc06-cross-project-dep-ergonomics/slice02-mycelium-reaudit/reaudit-findings.md	project02-language-toolchain-alignment/arc06-cross-project-dep-ergonomics/slice02-mycelium-reaudit/reaudit-findings.md
docs/design-v0.6.0/arc06-cross-project-dep-ergonomics/slice02-mycelium-reaudit/slice-doc.md	project02-language-toolchain-alignment/arc06-cross-project-dep-ergonomics/slice02-mycelium-reaudit/slice-plan.md
docs/design-v0.6.0/arc06-cross-project-dep-ergonomics/slice03-lykn-add/cc-prompt.md	project02-language-toolchain-alignment/arc06-cross-project-dep-ergonomics/slice03-lykn-add/cc-prompt.md
docs/design-v0.6.0/arc06-cross-project-dep-ergonomics/slice03-lykn-add/cdc-verification.md	project02-language-toolchain-alignment/arc06-cross-project-dep-ergonomics/slice03-lykn-add/cdc-verification.md
docs/design-v0.6.0/arc06-cross-project-dep-ergonomics/slice03-lykn-add/closing-report.md	project02-language-toolchain-alignment/arc06-cross-project-dep-ergonomics/slice03-lykn-add/closing-report.md
docs/design-v0.6.0/arc06-cross-project-dep-ergonomics/slice03-lykn-add/ledger.md	project02-language-toolchain-alignment/arc06-cross-project-dep-ergonomics/slice03-lykn-add/ledger.md
docs/design-v0.6.0/arc06-cross-project-dep-ergonomics/slice03-lykn-add/slice-doc.md	project02-language-toolchain-alignment/arc06-cross-project-dep-ergonomics/slice03-lykn-add/slice-plan.md
docs/design-v0.6.0/arc06-cross-project-dep-ergonomics/slice04-lykn-link/cc-prompt.md	project02-language-toolchain-alignment/arc06-cross-project-dep-ergonomics/slice04-lykn-link/cc-prompt.md
docs/design-v0.6.0/arc06-cross-project-dep-ergonomics/slice04-lykn-link/cdc-verification.md	project02-language-toolchain-alignment/arc06-cross-project-dep-ergonomics/slice04-lykn-link/cdc-verification.md
docs/design-v0.6.0/arc06-cross-project-dep-ergonomics/slice04-lykn-link/closing-report.md	project02-language-toolchain-alignment/arc06-cross-project-dep-ergonomics/slice04-lykn-link/closing-report.md
docs/design-v0.6.0/arc06-cross-project-dep-ergonomics/slice04-lykn-link/ledger.md	project02-language-toolchain-alignment/arc06-cross-project-dep-ergonomics/slice04-lykn-link/ledger.md
docs/design-v0.6.0/arc06-cross-project-dep-ergonomics/slice04-lykn-link/slice-doc.md	project02-language-toolchain-alignment/arc06-cross-project-dep-ergonomics/slice04-lykn-link/slice-plan.md
docs/design-v0.6.0/arc06-cross-project-dep-ergonomics/slice05-n1-test-resolution/cc-prompt.md	project02-language-toolchain-alignment/arc06-cross-project-dep-ergonomics/slice05-n1-test-resolution/cc-prompt.md
docs/design-v0.6.0/arc06-cross-project-dep-ergonomics/slice05-n1-test-resolution/cdc-verification.md	project02-language-toolchain-alignment/arc06-cross-project-dep-ergonomics/slice05-n1-test-resolution/cdc-verification.md
docs/design-v0.6.0/arc06-cross-project-dep-ergonomics/slice05-n1-test-resolution/closing-report.md	project02-language-toolchain-alignment/arc06-cross-project-dep-ergonomics/slice05-n1-test-resolution/closing-report.md
docs/design-v0.6.0/arc06-cross-project-dep-ergonomics/slice05-n1-test-resolution/ledger.md	project02-language-toolchain-alignment/arc06-cross-project-dep-ergonomics/slice05-n1-test-resolution/ledger.md
docs/design-v0.6.0/arc06-cross-project-dep-ergonomics/slice05-n1-test-resolution/slice-doc.md	project02-language-toolchain-alignment/arc06-cross-project-dep-ergonomics/slice05-n1-test-resolution/slice-plan.md
docs/design-v0.6.0/arc06-cross-project-dep-ergonomics/slice06-version-consolidation/cdc-verification.md	project02-language-toolchain-alignment/arc06-cross-project-dep-ergonomics/slice06-version-consolidation/cdc-verification.md
docs/design-v0.6.0/arc06-cross-project-dep-ergonomics/slice06-version-consolidation/closing-report.md	project02-language-toolchain-alignment/arc06-cross-project-dep-ergonomics/slice06-version-consolidation/closing-report.md
docs/design-v0.6.0/arc06-cross-project-dep-ergonomics/slice06-version-consolidation/ledger.md	project02-language-toolchain-alignment/arc06-cross-project-dep-ergonomics/slice06-version-consolidation/ledger.md
docs/design-v0.6.0/arc06-cross-project-dep-ergonomics/slice06-version-consolidation/slice-doc.md	project02-language-toolchain-alignment/arc06-cross-project-dep-ergonomics/slice06-version-consolidation/slice-plan.md
docs/design-v0.6.0/arc06-cross-project-dep-ergonomics/slice07-link-registry-specifier/cc-prompt-followup.md	project02-language-toolchain-alignment/arc06-cross-project-dep-ergonomics/slice07-link-registry-specifier/cc-prompt-followup.md
docs/design-v0.6.0/arc06-cross-project-dep-ergonomics/slice07-link-registry-specifier/cdc-verification.md	project02-language-toolchain-alignment/arc06-cross-project-dep-ergonomics/slice07-link-registry-specifier/cdc-verification.md
docs/design-v0.6.0/arc06-cross-project-dep-ergonomics/slice07-link-registry-specifier/closing-report.md	project02-language-toolchain-alignment/arc06-cross-project-dep-ergonomics/slice07-link-registry-specifier/closing-report.md
docs/design-v0.6.0/arc06-cross-project-dep-ergonomics/slice07-link-registry-specifier/ledger.md	project02-language-toolchain-alignment/arc06-cross-project-dep-ergonomics/slice07-link-registry-specifier/ledger.md
docs/design-v0.6.0/arc06-cross-project-dep-ergonomics/slice07-link-registry-specifier/recon-findings.md	project02-language-toolchain-alignment/arc06-cross-project-dep-ergonomics/slice07-link-registry-specifier/recon-findings.md
docs/design-v0.6.0/arc06-cross-project-dep-ergonomics/slice07-link-registry-specifier/slice-doc.md	project02-language-toolchain-alignment/arc06-cross-project-dep-ergonomics/slice07-link-registry-specifier/slice-plan.md
docs/design-v0.6.0/arc07-docs/arc-plan.md	project02-language-toolchain-alignment/arc07-docs/arc-plan.md
docs/design-v0.6.0/arc07-docs/closing-report.md	project02-language-toolchain-alignment/arc07-docs/closing-report.md
docs/design-v0.6.0/arc07-docs/design/guide-drift-cleanup-plan.md	project02-language-toolchain-alignment/arc07-docs/design/guide-drift-cleanup-plan.md
docs/design-v0.6.0/arc07-docs/design/proposed-skill-and-guide-additions.md	project02-language-toolchain-alignment/arc07-docs/design/proposed-skill-and-guide-additions.md
docs/design-v0.6.0/arc07-docs/slice01-doctest-drift-fix/cc-prompt.md	project02-language-toolchain-alignment/arc07-docs/slice01-doctest-drift-fix/cc-prompt.md
docs/design-v0.6.0/arc07-docs/slice01-doctest-drift-fix/cdc-verification.md	project02-language-toolchain-alignment/arc07-docs/slice01-doctest-drift-fix/cdc-verification.md
docs/design-v0.6.0/arc07-docs/slice01-doctest-drift-fix/closing-report.md	project02-language-toolchain-alignment/arc07-docs/slice01-doctest-drift-fix/closing-report.md
docs/design-v0.6.0/arc07-docs/slice01-doctest-drift-fix/ledger.md	project02-language-toolchain-alignment/arc07-docs/slice01-doctest-drift-fix/ledger.md
docs/design-v0.6.0/arc07-docs/slice01-doctest-drift-fix/slice-doc.md	project02-language-toolchain-alignment/arc07-docs/slice01-doctest-drift-fix/slice-plan.md
docs/design-v0.6.0/arc07-docs/slice02-current-drift-recon/cc-prompt.md	project02-language-toolchain-alignment/arc07-docs/slice02-current-drift-recon/cc-prompt.md
docs/design-v0.6.0/arc07-docs/slice02-current-drift-recon/cdc-verification.md	project02-language-toolchain-alignment/arc07-docs/slice02-current-drift-recon/cdc-verification.md
docs/design-v0.6.0/arc07-docs/slice02-current-drift-recon/closing-report.md	project02-language-toolchain-alignment/arc07-docs/slice02-current-drift-recon/closing-report.md
docs/design-v0.6.0/arc07-docs/slice02-current-drift-recon/ledger.md	project02-language-toolchain-alignment/arc07-docs/slice02-current-drift-recon/ledger.md
docs/design-v0.6.0/arc07-docs/slice02-current-drift-recon/slice-doc.md	project02-language-toolchain-alignment/arc07-docs/slice02-current-drift-recon/slice-plan.md
docs/design-v0.6.0/arc07-docs/slice03-build-dist-publish-guide-refresh/cc-prompt.md	project02-language-toolchain-alignment/arc07-docs/slice03-build-dist-publish-guide-refresh/cc-prompt.md
docs/design-v0.6.0/arc07-docs/slice03-build-dist-publish-guide-refresh/cdc-verification.md	project02-language-toolchain-alignment/arc07-docs/slice03-build-dist-publish-guide-refresh/cdc-verification.md
docs/design-v0.6.0/arc07-docs/slice03-build-dist-publish-guide-refresh/closing-report.md	project02-language-toolchain-alignment/arc07-docs/slice03-build-dist-publish-guide-refresh/closing-report.md
docs/design-v0.6.0/arc07-docs/slice03-build-dist-publish-guide-refresh/ledger.md	project02-language-toolchain-alignment/arc07-docs/slice03-build-dist-publish-guide-refresh/ledger.md
docs/design-v0.6.0/arc07-docs/slice03-build-dist-publish-guide-refresh/slice-doc.md	project02-language-toolchain-alignment/arc07-docs/slice03-build-dist-publish-guide-refresh/slice-plan.md
docs/design-v0.6.0/arc07-docs/slice04-deno-workflow-reconciliation/cc-prompt.md	project02-language-toolchain-alignment/arc07-docs/slice04-deno-workflow-reconciliation/cc-prompt.md
docs/design-v0.6.0/arc07-docs/slice04-deno-workflow-reconciliation/cdc-verification.md	project02-language-toolchain-alignment/arc07-docs/slice04-deno-workflow-reconciliation/cdc-verification.md
docs/design-v0.6.0/arc07-docs/slice04-deno-workflow-reconciliation/closing-report.md	project02-language-toolchain-alignment/arc07-docs/slice04-deno-workflow-reconciliation/closing-report.md
docs/design-v0.6.0/arc07-docs/slice04-deno-workflow-reconciliation/ledger.md	project02-language-toolchain-alignment/arc07-docs/slice04-deno-workflow-reconciliation/ledger.md
docs/design-v0.6.0/arc07-docs/slice04-deno-workflow-reconciliation/slice-doc.md	project02-language-toolchain-alignment/arc07-docs/slice04-deno-workflow-reconciliation/slice-plan.md
docs/design-v0.6.0/arc08-template-i18n/arc-plan.md	project02-language-toolchain-alignment/arc08-template-i18n/arc-plan.md
docs/design-v0.6.0/arc09-release-0.6.0/arc-plan.md	project02-language-toolchain-alignment/arc09-release-0.6.0/arc-plan.md
docs/design-v0.6.0/arc10-compiler-completion/arc-plan.md	project02-language-toolchain-alignment/arc10-compiler-completion/arc-plan.md
docs/design-v0.6.0/arc10-compiler-completion/closing-report.md	project02-language-toolchain-alignment/arc10-compiler-completion/closing-report.md
docs/design-v0.6.0/arc10-compiler-completion/slice01-dd58-strict-default/cc-prompt.md	project02-language-toolchain-alignment/arc10-compiler-completion/slice01-dd58-strict-default/cc-prompt.md
docs/design-v0.6.0/arc10-compiler-completion/slice01-dd58-strict-default/cdc-verification.md	project02-language-toolchain-alignment/arc10-compiler-completion/slice01-dd58-strict-default/cdc-verification.md
docs/design-v0.6.0/arc10-compiler-completion/slice01-dd58-strict-default/closing-report.md	project02-language-toolchain-alignment/arc10-compiler-completion/slice01-dd58-strict-default/closing-report.md
docs/design-v0.6.0/arc10-compiler-completion/slice01-dd58-strict-default/ledger.md	project02-language-toolchain-alignment/arc10-compiler-completion/slice01-dd58-strict-default/ledger.md
docs/design-v0.6.0/arc10-compiler-completion/slice01-dd58-strict-default/slice-doc.md	project02-language-toolchain-alignment/arc10-compiler-completion/slice01-dd58-strict-default/slice-plan.md
docs/design-v0.6.0/arc10-compiler-completion/slice02-js-dd58-parity/cc-prompt.md	project02-language-toolchain-alignment/arc10-compiler-completion/slice02-js-dd58-parity/cc-prompt.md
docs/design-v0.6.0/arc10-compiler-completion/slice02-js-dd58-parity/cdc-verification.md	project02-language-toolchain-alignment/arc10-compiler-completion/slice02-js-dd58-parity/cdc-verification.md
docs/design-v0.6.0/arc10-compiler-completion/slice02-js-dd58-parity/closing-report.md	project02-language-toolchain-alignment/arc10-compiler-completion/slice02-js-dd58-parity/closing-report.md
docs/design-v0.6.0/arc10-compiler-completion/slice02-js-dd58-parity/ledger.md	project02-language-toolchain-alignment/arc10-compiler-completion/slice02-js-dd58-parity/ledger.md
docs/design-v0.6.0/arc10-compiler-completion/slice02-js-dd58-parity/slice-doc.md	project02-language-toolchain-alignment/arc10-compiler-completion/slice02-js-dd58-parity/slice-plan.md
docs/design-v0.6.0/arc10-compiler-completion/slice03-dd37-step4-kernel-removal/cc-prompt.md	project02-language-toolchain-alignment/arc10-compiler-completion/slice03-dd37-step4-kernel-removal/cc-prompt.md
docs/design-v0.6.0/arc10-compiler-completion/slice03-dd37-step4-kernel-removal/cdc-verification.md	project02-language-toolchain-alignment/arc10-compiler-completion/slice03-dd37-step4-kernel-removal/cdc-verification.md
docs/design-v0.6.0/arc10-compiler-completion/slice03-dd37-step4-kernel-removal/closing-report.md	project02-language-toolchain-alignment/arc10-compiler-completion/slice03-dd37-step4-kernel-removal/closing-report.md
docs/design-v0.6.0/arc10-compiler-completion/slice03-dd37-step4-kernel-removal/ledger.md	project02-language-toolchain-alignment/arc10-compiler-completion/slice03-dd37-step4-kernel-removal/ledger.md
docs/design-v0.6.0/arc10-compiler-completion/slice03-dd37-step4-kernel-removal/slice-doc.md	project02-language-toolchain-alignment/arc10-compiler-completion/slice03-dd37-step4-kernel-removal/slice-plan.md
docs/design-v0.6.0/arc10-compiler-completion/slice04-no-else-if-expression-error/cc-prompt.md	project02-language-toolchain-alignment/arc10-compiler-completion/slice04-no-else-if-expression-error/cc-prompt.md
docs/design-v0.6.0/arc10-compiler-completion/slice04-no-else-if-expression-error/cdc-verification.md	project02-language-toolchain-alignment/arc10-compiler-completion/slice04-no-else-if-expression-error/cdc-verification.md
docs/design-v0.6.0/arc10-compiler-completion/slice04-no-else-if-expression-error/closing-report.md	project02-language-toolchain-alignment/arc10-compiler-completion/slice04-no-else-if-expression-error/closing-report.md
docs/design-v0.6.0/arc10-compiler-completion/slice04-no-else-if-expression-error/ledger.md	project02-language-toolchain-alignment/arc10-compiler-completion/slice04-no-else-if-expression-error/ledger.md
docs/design-v0.6.0/arc10-compiler-completion/slice04-no-else-if-expression-error/slice-doc.md	project02-language-toolchain-alignment/arc10-compiler-completion/slice04-no-else-if-expression-error/slice-plan.md
docs/design-v0.6.0/arc11-source-only-test-build/arc-plan.md	project02-language-toolchain-alignment/arc11-source-only-test-build/arc-plan.md
docs/design-v0.6.0/arc11-source-only-test-build/closing-report.md	project02-language-toolchain-alignment/arc11-source-only-test-build/closing-report.md
docs/design-v0.6.0/arc11-source-only-test-build/slice01-test-out-dir/cc-prompt.md	project02-language-toolchain-alignment/arc11-source-only-test-build/slice01-test-out-dir/cc-prompt.md
docs/design-v0.6.0/arc11-source-only-test-build/slice01-test-out-dir/cdc-verification.md	project02-language-toolchain-alignment/arc11-source-only-test-build/slice01-test-out-dir/cdc-verification.md
docs/design-v0.6.0/arc11-source-only-test-build/slice01-test-out-dir/closing-report.md	project02-language-toolchain-alignment/arc11-source-only-test-build/slice01-test-out-dir/closing-report.md
docs/design-v0.6.0/arc11-source-only-test-build/slice01-test-out-dir/ledger.md	project02-language-toolchain-alignment/arc11-source-only-test-build/slice01-test-out-dir/ledger.md
docs/design-v0.6.0/arc11-source-only-test-build/slice01-test-out-dir/slice-doc.md	project02-language-toolchain-alignment/arc11-source-only-test-build/slice01-test-out-dir/slice-plan.md
docs/design-v0.6.0/arc11-source-only-test-build/slice02-buried-intent-audit/cc-prompt.md	project02-language-toolchain-alignment/arc11-source-only-test-build/slice02-buried-intent-audit/cc-prompt.md
docs/design-v0.6.0/arc11-source-only-test-build/slice02-buried-intent-audit/cdc-verification.md	project02-language-toolchain-alignment/arc11-source-only-test-build/slice02-buried-intent-audit/cdc-verification.md
docs/design-v0.6.0/arc11-source-only-test-build/slice02-buried-intent-audit/closing-report.md	project02-language-toolchain-alignment/arc11-source-only-test-build/slice02-buried-intent-audit/closing-report.md
docs/design-v0.6.0/arc11-source-only-test-build/slice02-buried-intent-audit/ledger.md	project02-language-toolchain-alignment/arc11-source-only-test-build/slice02-buried-intent-audit/ledger.md
docs/design-v0.6.0/arc11-source-only-test-build/slice02-buried-intent-audit/slice-doc.md	project02-language-toolchain-alignment/arc11-source-only-test-build/slice02-buried-intent-audit/slice-plan.md
docs/design-v0.6.0/arc12-test-topology/arc-plan.md	project02-language-toolchain-alignment/arc12-test-topology/arc-plan.md
docs/design-v0.6.0/arc12-test-topology/closing-report.md	project02-language-toolchain-alignment/arc12-test-topology/closing-report.md
docs/design-v0.6.0/arc12-test-topology/slice01-run-once-topology/cc-prompt.md	project02-language-toolchain-alignment/arc12-test-topology/slice01-run-once-topology/cc-prompt.md
docs/design-v0.6.0/arc12-test-topology/slice01-run-once-topology/cdc-verification.md	project02-language-toolchain-alignment/arc12-test-topology/slice01-run-once-topology/cdc-verification.md
docs/design-v0.6.0/arc12-test-topology/slice01-run-once-topology/closing-report.md	project02-language-toolchain-alignment/arc12-test-topology/slice01-run-once-topology/closing-report.md
docs/design-v0.6.0/arc12-test-topology/slice01-run-once-topology/ledger.md	project02-language-toolchain-alignment/arc12-test-topology/slice01-run-once-topology/ledger.md
docs/design-v0.6.0/arc12-test-topology/slice01-run-once-topology/slice-doc.md	project02-language-toolchain-alignment/arc12-test-topology/slice01-run-once-topology/slice-plan.md
docs/design-v0.6.0/arc13-expander-coherence/arc-plan.md	project02-language-toolchain-alignment/arc13-expander-coherence/arc-plan.md
docs/design-v0.6.0/arc13-expander-coherence/closing-report.md	project02-language-toolchain-alignment/arc13-expander-coherence/closing-report.md
docs/design-v0.6.0/arc13-expander-coherence/design/dd-61-resolve-once-resolution-architecture.md	project02-language-toolchain-alignment/arc13-expander-coherence/design/dd-61-resolve-once-resolution-architecture.md
docs/design-v0.6.0/arc13-expander-coherence/slice01-conformance-matrix-dd/cc-prompt.md	project02-language-toolchain-alignment/arc13-expander-coherence/slice01-conformance-matrix-dd/cc-prompt.md
docs/design-v0.6.0/arc13-expander-coherence/slice01-conformance-matrix-dd/cdc-verification.md	project02-language-toolchain-alignment/arc13-expander-coherence/slice01-conformance-matrix-dd/cdc-verification.md
docs/design-v0.6.0/arc13-expander-coherence/slice01-conformance-matrix-dd/closing-report.md	project02-language-toolchain-alignment/arc13-expander-coherence/slice01-conformance-matrix-dd/closing-report.md
docs/design-v0.6.0/arc13-expander-coherence/slice01-conformance-matrix-dd/ledger.md	project02-language-toolchain-alignment/arc13-expander-coherence/slice01-conformance-matrix-dd/ledger.md
docs/design-v0.6.0/arc13-expander-coherence/slice01-conformance-matrix-dd/slice-doc.md	project02-language-toolchain-alignment/arc13-expander-coherence/slice01-conformance-matrix-dd/slice-plan.md
docs/design-v0.6.0/arc13-expander-coherence/slice02-rust-shadowing/cc-prompt.md	project02-language-toolchain-alignment/arc13-expander-coherence/slice02-rust-shadowing/cc-prompt.md
docs/design-v0.6.0/arc13-expander-coherence/slice02-rust-shadowing/closing-report.md	project02-language-toolchain-alignment/arc13-expander-coherence/slice02-rust-shadowing/closing-report.md
docs/design-v0.6.0/arc13-expander-coherence/slice02-rust-shadowing/ledger.md	project02-language-toolchain-alignment/arc13-expander-coherence/slice02-rust-shadowing/ledger.md
docs/design-v0.6.0/arc13-expander-coherence/slice02-rust-shadowing/slice-doc.md	project02-language-toolchain-alignment/arc13-expander-coherence/slice02-rust-shadowing/slice-plan.md
docs/design-v0.6.0/arc13-expander-coherence/slice03-binding-walker-d2/cc-prompt.md	project02-language-toolchain-alignment/arc13-expander-coherence/slice03-binding-walker-d2/cc-prompt.md
docs/design-v0.6.0/arc13-expander-coherence/slice03-binding-walker-d2/cdc-verification.md	project02-language-toolchain-alignment/arc13-expander-coherence/slice03-binding-walker-d2/cdc-verification.md
docs/design-v0.6.0/arc13-expander-coherence/slice03-binding-walker-d2/closing-report.md	project02-language-toolchain-alignment/arc13-expander-coherence/slice03-binding-walker-d2/closing-report.md
docs/design-v0.6.0/arc13-expander-coherence/slice03-binding-walker-d2/ledger.md	project02-language-toolchain-alignment/arc13-expander-coherence/slice03-binding-walker-d2/ledger.md
docs/design-v0.6.0/arc13-expander-coherence/slice03-binding-walker-d2/slice-doc.md	project02-language-toolchain-alignment/arc13-expander-coherence/slice03-binding-walker-d2/slice-plan.md
docs/design-v0.6.0/arc13-expander-coherence/slice04-walker-extension/cc-prompt.md	project02-language-toolchain-alignment/arc13-expander-coherence/slice04-walker-extension/cc-prompt.md
docs/design-v0.6.0/arc13-expander-coherence/slice04-walker-extension/cdc-verification.md	project02-language-toolchain-alignment/arc13-expander-coherence/slice04-walker-extension/cdc-verification.md
docs/design-v0.6.0/arc13-expander-coherence/slice04-walker-extension/closing-report.md	project02-language-toolchain-alignment/arc13-expander-coherence/slice04-walker-extension/closing-report.md
docs/design-v0.6.0/arc13-expander-coherence/slice04-walker-extension/ledger.md	project02-language-toolchain-alignment/arc13-expander-coherence/slice04-walker-extension/ledger.md
docs/design-v0.6.0/arc13-expander-coherence/slice04-walker-extension/slice-doc.md	project02-language-toolchain-alignment/arc13-expander-coherence/slice04-walker-extension/slice-plan.md
docs/design-v0.6.0/arc13-expander-coherence/slice05-position-sweep/cc-prompt.md	project02-language-toolchain-alignment/arc13-expander-coherence/slice05-position-sweep/cc-prompt.md
docs/design-v0.6.0/arc13-expander-coherence/slice05-position-sweep/cdc-verification.md	project02-language-toolchain-alignment/arc13-expander-coherence/slice05-position-sweep/cdc-verification.md
docs/design-v0.6.0/arc13-expander-coherence/slice05-position-sweep/closing-report.md	project02-language-toolchain-alignment/arc13-expander-coherence/slice05-position-sweep/closing-report.md
docs/design-v0.6.0/arc13-expander-coherence/slice05-position-sweep/ledger.md	project02-language-toolchain-alignment/arc13-expander-coherence/slice05-position-sweep/ledger.md
docs/design-v0.6.0/arc13-expander-coherence/slice05-position-sweep/slice-doc.md	project02-language-toolchain-alignment/arc13-expander-coherence/slice05-position-sweep/slice-plan.md
docs/design-v0.6.0/arc13-expander-coherence/slice06-rust-resolution/cc-prompt.md	project02-language-toolchain-alignment/arc13-expander-coherence/slice06-rust-resolution/cc-prompt.md
docs/design-v0.6.0/arc13-expander-coherence/slice06-rust-resolution/cdc-verification.md	project02-language-toolchain-alignment/arc13-expander-coherence/slice06-rust-resolution/cdc-verification.md
docs/design-v0.6.0/arc13-expander-coherence/slice06-rust-resolution/closing-report.md	project02-language-toolchain-alignment/arc13-expander-coherence/slice06-rust-resolution/closing-report.md
docs/design-v0.6.0/arc13-expander-coherence/slice06-rust-resolution/ledger.md	project02-language-toolchain-alignment/arc13-expander-coherence/slice06-rust-resolution/ledger.md
docs/design-v0.6.0/arc13-expander-coherence/slice06-rust-resolution/slice-doc.md	project02-language-toolchain-alignment/arc13-expander-coherence/slice06-rust-resolution/slice-plan.md
docs/design-v0.6.0/arc13-expander-coherence/slice07-atom-privacy-recon/cc-prompt.md	project02-language-toolchain-alignment/arc13-expander-coherence/slice07-atom-privacy-recon/cc-prompt.md
docs/design-v0.6.0/arc13-expander-coherence/slice07-atom-privacy-recon/cdc-verification.md	project02-language-toolchain-alignment/arc13-expander-coherence/slice07-atom-privacy-recon/cdc-verification.md
docs/design-v0.6.0/arc13-expander-coherence/slice07-atom-privacy-recon/closing-report.md	project02-language-toolchain-alignment/arc13-expander-coherence/slice07-atom-privacy-recon/closing-report.md
docs/design-v0.6.0/arc13-expander-coherence/slice07-atom-privacy-recon/ledger.md	project02-language-toolchain-alignment/arc13-expander-coherence/slice07-atom-privacy-recon/ledger.md
docs/design-v0.6.0/arc13-expander-coherence/slice07-atom-privacy-recon/slice-doc.md	project02-language-toolchain-alignment/arc13-expander-coherence/slice07-atom-privacy-recon/slice-plan.md
docs/design-v0.6.0/arc13-expander-coherence/slice08-accessor-sweep/cc-prompt.md	project02-language-toolchain-alignment/arc13-expander-coherence/slice08-accessor-sweep/cc-prompt.md
docs/design-v0.6.0/arc13-expander-coherence/slice08-accessor-sweep/cdc-verification.md	project02-language-toolchain-alignment/arc13-expander-coherence/slice08-accessor-sweep/cdc-verification.md
docs/design-v0.6.0/arc13-expander-coherence/slice08-accessor-sweep/closing-report.md	project02-language-toolchain-alignment/arc13-expander-coherence/slice08-accessor-sweep/closing-report.md
docs/design-v0.6.0/arc13-expander-coherence/slice08-accessor-sweep/ledger.md	project02-language-toolchain-alignment/arc13-expander-coherence/slice08-accessor-sweep/ledger.md
docs/design-v0.6.0/arc13-expander-coherence/slice08-accessor-sweep/slice-doc.md	project02-language-toolchain-alignment/arc13-expander-coherence/slice08-accessor-sweep/slice-plan.md
docs/design-v0.6.0/arc13-expander-coherence/slice09-privacy-flip/cc-prompt.md	project02-language-toolchain-alignment/arc13-expander-coherence/slice09-privacy-flip/cc-prompt.md
docs/design-v0.6.0/arc13-expander-coherence/slice09-privacy-flip/cdc-verification.md	project02-language-toolchain-alignment/arc13-expander-coherence/slice09-privacy-flip/cdc-verification.md
docs/design-v0.6.0/arc13-expander-coherence/slice09-privacy-flip/closing-report.md	project02-language-toolchain-alignment/arc13-expander-coherence/slice09-privacy-flip/closing-report.md
docs/design-v0.6.0/arc13-expander-coherence/slice09-privacy-flip/ledger.md	project02-language-toolchain-alignment/arc13-expander-coherence/slice09-privacy-flip/ledger.md
docs/design-v0.6.0/arc13-expander-coherence/slice09-privacy-flip/slice-doc.md	project02-language-toolchain-alignment/arc13-expander-coherence/slice09-privacy-flip/slice-plan.md
docs/design-v0.6.0/arc13-expander-coherence/slice10-js-resolution/cc-prompt.md	project02-language-toolchain-alignment/arc13-expander-coherence/slice10-js-resolution/cc-prompt.md
docs/design-v0.6.0/arc13-expander-coherence/slice10-js-resolution/cdc-verification.md	project02-language-toolchain-alignment/arc13-expander-coherence/slice10-js-resolution/cdc-verification.md
docs/design-v0.6.0/arc13-expander-coherence/slice10-js-resolution/closing-report.md	project02-language-toolchain-alignment/arc13-expander-coherence/slice10-js-resolution/closing-report.md
docs/design-v0.6.0/arc13-expander-coherence/slice10-js-resolution/ledger.md	project02-language-toolchain-alignment/arc13-expander-coherence/slice10-js-resolution/ledger.md
docs/design-v0.6.0/arc13-expander-coherence/slice10-js-resolution/slice-doc.md	project02-language-toolchain-alignment/arc13-expander-coherence/slice10-js-resolution/slice-plan.md
docs/design-v0.6.0/arc13-expander-coherence/slice11-conformance-corpus/cc-prompt.md	project02-language-toolchain-alignment/arc13-expander-coherence/slice11-conformance-corpus/cc-prompt.md
docs/design-v0.6.0/arc13-expander-coherence/slice11-conformance-corpus/cdc-verification.md	project02-language-toolchain-alignment/arc13-expander-coherence/slice11-conformance-corpus/cdc-verification.md
docs/design-v0.6.0/arc13-expander-coherence/slice11-conformance-corpus/closing-report.md	project02-language-toolchain-alignment/arc13-expander-coherence/slice11-conformance-corpus/closing-report.md
docs/design-v0.6.0/arc13-expander-coherence/slice11-conformance-corpus/f2-teeth-transcript.txt	project02-language-toolchain-alignment/arc13-expander-coherence/slice11-conformance-corpus/f2-teeth-transcript.txt
docs/design-v0.6.0/arc13-expander-coherence/slice11-conformance-corpus/ledger.md	project02-language-toolchain-alignment/arc13-expander-coherence/slice11-conformance-corpus/ledger.md
docs/design-v0.6.0/arc13-expander-coherence/slice11-conformance-corpus/slice-doc.md	project02-language-toolchain-alignment/arc13-expander-coherence/slice11-conformance-corpus/slice-plan.md
docs/design-v0.6.0/arc14-comment-retention/arc-plan.md	project02-language-toolchain-alignment/arc14-comment-retention/arc-plan.md
docs/design-v0.6.0/arc15-surface-syntax-traps/arc-plan.md	project02-language-toolchain-alignment/arc15-surface-syntax-traps/arc-plan.md
docs/design-v0.6.0/arc15-surface-syntax-traps/closing-report.md	project02-language-toolchain-alignment/arc15-surface-syntax-traps/closing-report.md
docs/design-v0.6.0/arc15-surface-syntax-traps/design/dd-64-method-on-expression-DRAFT.md	project02-language-toolchain-alignment/arc15-surface-syntax-traps/design/dd-64-method-on-expression-DRAFT.md
docs/design-v0.6.0/arc15-surface-syntax-traps/slice01-reject-method-on-expr/cc-prompt.md	project02-language-toolchain-alignment/arc15-surface-syntax-traps/slice01-reject-method-on-expr/cc-prompt.md
docs/design-v0.6.0/arc15-surface-syntax-traps/slice01-reject-method-on-expr/cdc-verification.md	project02-language-toolchain-alignment/arc15-surface-syntax-traps/slice01-reject-method-on-expr/cdc-verification.md
docs/design-v0.6.0/arc15-surface-syntax-traps/slice01-reject-method-on-expr/closing-report.md	project02-language-toolchain-alignment/arc15-surface-syntax-traps/slice01-reject-method-on-expr/closing-report.md
docs/design-v0.6.0/arc15-surface-syntax-traps/slice01-reject-method-on-expr/ledger.md	project02-language-toolchain-alignment/arc15-surface-syntax-traps/slice01-reject-method-on-expr/ledger.md
docs/design-v0.6.0/arc15-surface-syntax-traps/slice01-reject-method-on-expr/slice-doc.md	project02-language-toolchain-alignment/arc15-surface-syntax-traps/slice01-reject-method-on-expr/slice-plan.md
docs/design-v0.6.0/arc15-surface-syntax-traps/slice02-lint-rule/cc-prompt.md	project02-language-toolchain-alignment/arc15-surface-syntax-traps/slice02-lint-rule/cc-prompt.md
docs/design-v0.6.0/arc15-surface-syntax-traps/slice02-lint-rule/cdc-verification-followup-B.md	project02-language-toolchain-alignment/arc15-surface-syntax-traps/slice02-lint-rule/cdc-verification-followup-B.md
docs/design-v0.6.0/arc15-surface-syntax-traps/slice02-lint-rule/cdc-verification.md	project02-language-toolchain-alignment/arc15-surface-syntax-traps/slice02-lint-rule/cdc-verification.md
docs/design-v0.6.0/arc15-surface-syntax-traps/slice02-lint-rule/closing-report.md	project02-language-toolchain-alignment/arc15-surface-syntax-traps/slice02-lint-rule/closing-report.md
docs/design-v0.6.0/arc15-surface-syntax-traps/slice02-lint-rule/followup-B-structural-carveout-cc-prompt.md	project02-language-toolchain-alignment/arc15-surface-syntax-traps/slice02-lint-rule/followup-B-structural-carveout-cc-prompt.md
docs/design-v0.6.0/arc15-surface-syntax-traps/slice02-lint-rule/ledger.md	project02-language-toolchain-alignment/arc15-surface-syntax-traps/slice02-lint-rule/ledger.md
docs/design-v0.6.0/arc15-surface-syntax-traps/slice02-lint-rule/slice-doc.md	project02-language-toolchain-alignment/arc15-surface-syntax-traps/slice02-lint-rule/slice-plan.md
docs/design-v0.6.0/arc15-surface-syntax-traps/slice03-type-safe-method-check/cc-prompt.md	project02-language-toolchain-alignment/arc15-surface-syntax-traps/slice03-type-safe-method-check/cc-prompt.md
docs/design-v0.6.0/arc15-surface-syntax-traps/slice03-type-safe-method-check/ledger.md	project02-language-toolchain-alignment/arc15-surface-syntax-traps/slice03-type-safe-method-check/ledger.md
docs/design-v0.6.0/arc15-surface-syntax-traps/slice03-type-safe-method-check/slice-doc.md	project02-language-toolchain-alignment/arc15-surface-syntax-traps/slice03-type-safe-method-check/slice-plan.md
docs/design-v0.6.0/arc15-surface-syntax-traps/slice04-sibling-traps/closing-report.md	project02-language-toolchain-alignment/arc15-surface-syntax-traps/slice04-sibling-traps/closing-report.md
docs/design-v0.6.0/arc15-surface-syntax-traps/slice04-sibling-traps/ledger.md	project02-language-toolchain-alignment/arc15-surface-syntax-traps/slice04-sibling-traps/ledger.md
docs/design-v0.6.0/arc15-surface-syntax-traps/slice04-sibling-traps/liveness-recheck.md	project02-language-toolchain-alignment/arc15-surface-syntax-traps/slice04-sibling-traps/liveness-recheck.md
docs/design-v0.6.0/arc15-surface-syntax-traps/slice04-sibling-traps/slice-doc.md	project02-language-toolchain-alignment/arc15-surface-syntax-traps/slice04-sibling-traps/slice-plan.md
docs/design-v0.6.0/arc15-surface-syntax-traps/slice05-nested-fn-param-validation/cc-prompt.md	project02-language-toolchain-alignment/arc15-surface-syntax-traps/slice05-nested-fn-param-validation/cc-prompt.md
docs/design-v0.6.0/arc15-surface-syntax-traps/slice05-nested-fn-param-validation/cdc-verification.md	project02-language-toolchain-alignment/arc15-surface-syntax-traps/slice05-nested-fn-param-validation/cdc-verification.md
docs/design-v0.6.0/arc15-surface-syntax-traps/slice05-nested-fn-param-validation/closing-report.md	project02-language-toolchain-alignment/arc15-surface-syntax-traps/slice05-nested-fn-param-validation/closing-report.md
docs/design-v0.6.0/arc15-surface-syntax-traps/slice05-nested-fn-param-validation/ledger.md	project02-language-toolchain-alignment/arc15-surface-syntax-traps/slice05-nested-fn-param-validation/ledger.md
docs/design-v0.6.0/arc15-surface-syntax-traps/slice05-nested-fn-param-validation/slice-doc.md	project02-language-toolchain-alignment/arc15-surface-syntax-traps/slice05-nested-fn-param-validation/slice-plan.md
docs/design-v0.6.0/arc16-book-0.6.0-edition/arc-plan.md	project02-language-toolchain-alignment/arc16-book-0.6.0-edition/arc-plan.md
docs/design-v0.6.0/arc16-book-0.6.0-edition/design/book-drift-inventory-0.6.0.md	project02-language-toolchain-alignment/arc16-book-0.6.0-edition/design/book-drift-inventory-0.6.0.md
docs/design-v0.6.0/arc16-book-0.6.0-edition/design/dogfooding-friction-log.md	project02-language-toolchain-alignment/arc16-book-0.6.0-edition/design/dogfooding-friction-log.md
docs/design-v0.6.0/arc16-book-0.6.0-edition/design/fence-wiring-spec.md	project02-language-toolchain-alignment/arc16-book-0.6.0-edition/design/fence-wiring-spec.md
docs/design-v0.6.0/arc16-book-0.6.0-edition/design/kickoff-thread-book-0.6.0-update.md	project02-language-toolchain-alignment/arc16-book-0.6.0-edition/design/kickoff-thread-book-0.6.0-update.md
docs/design-v0.6.0/arc16-book-0.6.0-edition/slice01-pre-book-decision-gate/cc-prompt.md	project02-language-toolchain-alignment/arc16-book-0.6.0-edition/slice01-pre-book-decision-gate/cc-prompt.md
docs/design-v0.6.0/arc16-book-0.6.0-edition/slice01-pre-book-decision-gate/cdc-verification.md	project02-language-toolchain-alignment/arc16-book-0.6.0-edition/slice01-pre-book-decision-gate/cdc-verification.md
docs/design-v0.6.0/arc16-book-0.6.0-edition/slice01-pre-book-decision-gate/closing-report.md	project02-language-toolchain-alignment/arc16-book-0.6.0-edition/slice01-pre-book-decision-gate/closing-report.md
docs/design-v0.6.0/arc16-book-0.6.0-edition/slice01-pre-book-decision-gate/ledger.md	project02-language-toolchain-alignment/arc16-book-0.6.0-edition/slice01-pre-book-decision-gate/ledger.md
docs/design-v0.6.0/arc16-book-0.6.0-edition/slice01-pre-book-decision-gate/slice-doc.md	project02-language-toolchain-alignment/arc16-book-0.6.0-edition/slice01-pre-book-decision-gate/slice-plan.md
docs/design-v0.6.0/arc16-book-0.6.0-edition/slice02-dogfood-implementation-runway/cc-prompt.md	project02-language-toolchain-alignment/arc16-book-0.6.0-edition/slice02-dogfood-implementation-runway/cc-prompt.md
docs/design-v0.6.0/arc16-book-0.6.0-edition/slice02-dogfood-implementation-runway/cdc-verification.md	project02-language-toolchain-alignment/arc16-book-0.6.0-edition/slice02-dogfood-implementation-runway/cdc-verification.md
docs/design-v0.6.0/arc16-book-0.6.0-edition/slice02-dogfood-implementation-runway/closing-report.md	project02-language-toolchain-alignment/arc16-book-0.6.0-edition/slice02-dogfood-implementation-runway/closing-report.md
docs/design-v0.6.0/arc16-book-0.6.0-edition/slice02-dogfood-implementation-runway/ledger.md	project02-language-toolchain-alignment/arc16-book-0.6.0-edition/slice02-dogfood-implementation-runway/ledger.md
docs/design-v0.6.0/arc16-book-0.6.0-edition/slice02-dogfood-implementation-runway/slice-doc.md	project02-language-toolchain-alignment/arc16-book-0.6.0-edition/slice02-dogfood-implementation-runway/slice-plan.md
docs/design-v0.6.0/arc16-book-0.6.0-edition/slice03-cli-scaffold-package-runway/cc-prompt.md	project02-language-toolchain-alignment/arc16-book-0.6.0-edition/slice03-cli-scaffold-package-runway/cc-prompt.md
docs/design-v0.6.0/arc16-book-0.6.0-edition/slice03-cli-scaffold-package-runway/cdc-verification.md	project02-language-toolchain-alignment/arc16-book-0.6.0-edition/slice03-cli-scaffold-package-runway/cdc-verification.md
docs/design-v0.6.0/arc16-book-0.6.0-edition/slice03-cli-scaffold-package-runway/closing-report.md	project02-language-toolchain-alignment/arc16-book-0.6.0-edition/slice03-cli-scaffold-package-runway/closing-report.md
docs/design-v0.6.0/arc16-book-0.6.0-edition/slice03-cli-scaffold-package-runway/ledger.md	project02-language-toolchain-alignment/arc16-book-0.6.0-edition/slice03-cli-scaffold-package-runway/ledger.md
docs/design-v0.6.0/arc16-book-0.6.0-edition/slice03-cli-scaffold-package-runway/slice-doc.md	project02-language-toolchain-alignment/arc16-book-0.6.0-edition/slice03-cli-scaffold-package-runway/slice-plan.md
docs/design-v0.6.0/arc16-book-0.6.0-edition/slice04-language-surface-runway/cc-prompt.md	project02-language-toolchain-alignment/arc16-book-0.6.0-edition/slice04-language-surface-runway/cc-prompt.md
docs/design-v0.6.0/arc16-book-0.6.0-edition/slice04-language-surface-runway/cdc-verification.md	project02-language-toolchain-alignment/arc16-book-0.6.0-edition/slice04-language-surface-runway/cdc-verification.md
docs/design-v0.6.0/arc16-book-0.6.0-edition/slice04-language-surface-runway/closing-report.md	project02-language-toolchain-alignment/arc16-book-0.6.0-edition/slice04-language-surface-runway/closing-report.md
docs/design-v0.6.0/arc16-book-0.6.0-edition/slice04-language-surface-runway/ledger.md	project02-language-toolchain-alignment/arc16-book-0.6.0-edition/slice04-language-surface-runway/ledger.md
docs/design-v0.6.0/arc16-book-0.6.0-edition/slice04-language-surface-runway/slice-doc.md	project02-language-toolchain-alignment/arc16-book-0.6.0-edition/slice04-language-surface-runway/slice-plan.md
docs/design-v0.6.0/arc16-book-0.6.0-edition/slice05-book-instruction-bootstrap/cc-prompt.md	project02-language-toolchain-alignment/arc16-book-0.6.0-edition/slice05-book-instruction-bootstrap/cc-prompt.md
docs/design-v0.6.0/arc16-book-0.6.0-edition/slice05-book-instruction-bootstrap/cdc-verification.md	project02-language-toolchain-alignment/arc16-book-0.6.0-edition/slice05-book-instruction-bootstrap/cdc-verification.md
docs/design-v0.6.0/arc16-book-0.6.0-edition/slice05-book-instruction-bootstrap/closing-report.md	project02-language-toolchain-alignment/arc16-book-0.6.0-edition/slice05-book-instruction-bootstrap/closing-report.md
docs/design-v0.6.0/arc16-book-0.6.0-edition/slice05-book-instruction-bootstrap/ledger.md	project02-language-toolchain-alignment/arc16-book-0.6.0-edition/slice05-book-instruction-bootstrap/ledger.md
docs/design-v0.6.0/arc16-book-0.6.0-edition/slice05-book-instruction-bootstrap/slice-doc.md	project02-language-toolchain-alignment/arc16-book-0.6.0-edition/slice05-book-instruction-bootstrap/slice-plan.md
docs/design-v0.6.0/arc16-book-0.6.0-edition/slice06-book-fence-reachability/cc-prompt.md	project02-language-toolchain-alignment/arc16-book-0.6.0-edition/slice06-book-fence-reachability/cc-prompt.md
docs/design-v0.6.0/arc16-book-0.6.0-edition/slice06-book-fence-reachability/cdc-verification.md	project02-language-toolchain-alignment/arc16-book-0.6.0-edition/slice06-book-fence-reachability/cdc-verification.md
docs/design-v0.6.0/arc16-book-0.6.0-edition/slice06-book-fence-reachability/closing-report.md	project02-language-toolchain-alignment/arc16-book-0.6.0-edition/slice06-book-fence-reachability/closing-report.md
docs/design-v0.6.0/arc16-book-0.6.0-edition/slice06-book-fence-reachability/ledger.md	project02-language-toolchain-alignment/arc16-book-0.6.0-edition/slice06-book-fence-reachability/ledger.md
docs/design-v0.6.0/arc16-book-0.6.0-edition/slice06-book-fence-reachability/slice-doc.md	project02-language-toolchain-alignment/arc16-book-0.6.0-edition/slice06-book-fence-reachability/slice-plan.md
docs/design-v0.6.0/project-plan.md	project02-language-toolchain-alignment/project-plan.md
docs/design-v0.6.0/status.html	project02-language-toolchain-alignment/status.html
docs/design/.dustbin/overwritten/0013-dd-10-quasiquote-unquote-splicing-dce2b7d7.md	project01-mvp/arc02-macro-system/artifacts/design/.dustbin/overwritten/0013-dd-10-quasiquote-unquote-splicing-dce2b7d7.md
docs/design/.dustbin/overwritten/0014-dd-11-macro-definition-as-pattern-form-and-hygiene-7e20e052.md	project01-mvp/arc02-macro-system/artifacts/design/.dustbin/overwritten/0014-dd-11-macro-definition-as-pattern-form-and-hygiene-7e20e052.md
docs/design/.dustbin/overwritten/0015-dd-12-reader-dispatch-data-literals-and-cons-lists-4ef5eaf0.md	project01-mvp/arc02-macro-system/artifacts/design/.dustbin/overwritten/0015-dd-12-reader-dispatch-data-literals-and-cons-lists-4ef5eaf0.md
docs/design/.dustbin/overwritten/0020-dd-15-language-architecture-functional-commitment-and-surface-vocabulary-97818b5b.md	project01-mvp/arc03-surface-language/artifacts/design/.dustbin/overwritten/0020-dd-15-language-architecture-functional-commitment-and-surface-vocabulary-97818b5b.md
docs/design/.dustbin/overwritten/0021-dd-16-func-function-definition-with-contracts-and-polymorphic-dispatch-22f63e61.md	project01-mvp/arc03-surface-language/artifacts/design/.dustbin/overwritten/0021-dd-16-func-function-definition-with-contracts-and-polymorphic-dispatch-22f63e61.md
docs/design/.dustbin/overwritten/0021-dd-16-func-function-definition-with-contracts-and-polymorphic-dispatch-62423389.md	project01-mvp/arc03-surface-language/artifacts/design/.dustbin/overwritten/0021-dd-16-func-function-definition-with-contracts-and-polymorphic-dispatch-62423389.md
docs/design/.dustbin/overwritten/0051-deno-add-adjudication-guide-14-vs-skill-contradiction-b19fa5f3.md	project01-mvp/arc17-deno-tool-boundaries/artifacts/design/.dustbin/overwritten/0051-deno-add-adjudication-guide-14-vs-skill-contradiction-b19fa5f3.md
docs/design/01-draft/0060-dd-56-canonical-form-specification-and-language-catalog.md	project02-language-toolchain-alignment/artifacts/design/01-draft/0060-dd-56-canonical-form-specification-and-language-catalog.md
docs/design/01-draft/0064-dd-62-comment-retention-provenance-lykn-comments.md	project02-language-toolchain-alignment/arc14-comment-retention/artifacts/design/01-draft/0064-dd-62-comment-retention-provenance-lykn-comments.md
docs/design/04-accepted/0061-dd-59-the-lykn-source-linter-lykn-lint-draft.md	project02-language-toolchain-alignment/arc05-lykn-source-linter/artifacts/design/04-accepted/0061-dd-59-the-lykn-source-linter-lykn-lint-draft.md
docs/design/04-accepted/0065-dd-63-lykn-add-cross-project-deps-ergonomics.md	project02-language-toolchain-alignment/arc06-cross-project-dep-ergonomics/artifacts/design/04-accepted/0065-dd-63-lykn-add-cross-project-deps-ergonomics.md
docs/design/05-active/0028-fix-lykn-compile-rust-cli-bugs.md	project01-mvp/arc04-rust-cli-correctness/arc-plan.md
docs/design/05-active/0029-dd-18.1-method-calls-in-threading-macros.md	project01-mvp/arc03-surface-language/artifacts/design/05-active/0029-dd-18.1-method-calls-in-threading-macros.md
docs/design/05-active/0030-pure-rust-kerneljs-codegen.md	project01-mvp/arc05-native-js-codegen/arc-plan.md
docs/design/05-active/0046-dd-36-kernel-surface-compiler-split.md	project02-language-toolchain-alignment/arc03-compiler-coherence/artifacts/design/05-active/0046-dd-36-kernel-surface-compiler-split.md
docs/design/05-active/0047-dd-37-js-surface-compiler-architecture.md	project02-language-toolchain-alignment/arc03-compiler-coherence/artifacts/design/05-active/0047-dd-37-js-surface-compiler-architecture.md
docs/design/05-active/0052-dd-53-v-08-sibling-fetch-for-surface-macros-0.6.0-ship-gate.md	project02-language-toolchain-alignment/arc01-build-publish-toolchain/artifacts/design/05-active/0052-dd-53-v-08-sibling-fetch-for-surface-macros-0.6.0-ship-gate.md
docs/design/05-active/0056-m10-pre-dd-inventory-.d.ts-generation-from-type-annotations.md	project02-language-toolchain-alignment/arc02-type-dts-generation/artifacts/design/05-active/0056-m10-pre-dd-inventory-.d.ts-generation-from-type-annotations.md
docs/design/05-active/0057-cohesive-fix-across-compiler-docs-guides-book-skill.md	project02-language-toolchain-alignment/arc07-docs/artifacts/design/05-active/0057-cohesive-fix-across-compiler-docs-guides-book-skill.md
docs/design/05-active/0058-compiler-architecture-coherence-thread-opening.md	project02-language-toolchain-alignment/arc03-compiler-coherence/artifacts/design/05-active/0058-compiler-architecture-coherence-thread-opening.md
docs/design/05-active/0059-dd-58-kernelsurface-separation-closed-surface-namespace.md	project02-language-toolchain-alignment/arc03-compiler-coherence/artifacts/design/05-active/0059-dd-58-kernelsurface-separation-closed-surface-namespace.md
docs/design/05-active/0062-dd-60-name-binding-semantics-bindings-shadow-macrosforms.md	project02-language-toolchain-alignment/arc13-expander-coherence/artifacts/design/05-active/0062-dd-60-name-binding-semantics-bindings-shadow-macrosforms.md
docs/design/05-active/0063-dd-61-resolve-once-name-resolution-architecture.md	project02-language-toolchain-alignment/arc13-expander-coherence/artifacts/design/05-active/0063-dd-61-resolve-once-name-resolution-architecture.md
docs/design/06-final/0001-dd-01-colon-syntax-and-camelcase-conversion.md	project01-mvp/arc01-js-foundations/artifacts/design/06-final/0001-dd-01-colon-syntax-and-camelcase-conversion.md
docs/design/06-final/0002-dd-02-function-forms-declaration-vs-expression.md	project01-mvp/arc01-js-foundations/artifacts/design/06-final/0002-dd-02-function-forms-declaration-vs-expression.md
docs/design/06-final/0003-dd-03-async-await.md	project01-mvp/arc01-js-foundations/artifacts/design/06-final/0003-dd-03-async-await.md
docs/design/06-final/0004-dd-04-modules-import-export.md	project01-mvp/arc01-js-foundations/artifacts/design/06-final/0004-dd-04-modules-import-export.md
docs/design/06-final/0005-dd-05-template-literals.md	project01-mvp/arc01-js-foundations/artifacts/design/06-final/0005-dd-05-template-literals.md
docs/design/06-final/0006-dd-06-destructuring-patterns.md	project01-mvp/arc01-js-foundations/artifacts/design/06-final/0006-dd-06-destructuring-patterns.md
docs/design/06-final/0007-dd-07-class-syntax.md	project01-mvp/arc01-js-foundations/artifacts/design/06-final/0007-dd-07-class-syntax.md
docs/design/06-final/0008-dd-08-special-atoms-update-operators-and-miscellaneous-forms.md	project01-mvp/arc01-js-foundations/artifacts/design/06-final/0008-dd-08-special-atoms-update-operators-and-miscellaneous-forms.md
docs/design/06-final/0009-dd-09-v0.1.0-scope-and-phasing.md	project01-mvp/arc01-js-foundations/artifacts/design/06-final/0009-dd-09-v0.1.0-scope-and-phasing.md
docs/design/06-final/0010-lykn-v0.1.0-implementation-plan.md	project01-mvp/arc01-js-foundations/arc-plan.md
docs/design/06-final/0011-designing-a-macro-system-for-lykn.md	project01-mvp/arc02-macro-system/artifacts/design/06-final/0011-designing-a-macro-system-for-lykn.md
docs/design/06-final/0012-macro-system-research-for-lykn.md	project01-mvp/arc02-macro-system/artifacts/design/06-final/0012-macro-system-research-for-lykn.md
docs/design/06-final/0013-dd-10-quasiquote-unquote-splicing.md	project01-mvp/arc02-macro-system/artifacts/design/06-final/0013-dd-10-quasiquote-unquote-splicing.md
docs/design/06-final/0014-dd-11-macro-definition-as-pattern-form-and-hygiene.md	project01-mvp/arc02-macro-system/artifacts/design/06-final/0014-dd-11-macro-definition-as-pattern-form-and-hygiene.md
docs/design/06-final/0015-dd-12-reader-dispatch-data-literals-and-cons-lists.md	project01-mvp/arc02-macro-system/artifacts/design/06-final/0015-dd-12-reader-dispatch-data-literals-and-cons-lists.md
docs/design/06-final/0016-dd-13-macro-expansion-pipeline.md	project01-mvp/arc02-macro-system/artifacts/design/06-final/0016-dd-13-macro-expansion-pipeline.md
docs/design/06-final/0017-dd-14-macro-modules-and-esm-interaction.md	project01-mvp/arc02-macro-system/artifacts/design/06-final/0017-dd-14-macro-modules-and-esm-interaction.md
docs/design/06-final/0018-lykn-v0.2.0-implementation-plan.md	project01-mvp/arc02-macro-system/arc-plan.md
docs/design/06-final/0019-javascripts-hazard-landscape-and-syntactic-mitigations-for-a-lisp-to-js-compiler.md	project01-mvp/arc03-surface-language/artifacts/design/06-final/0019-javascripts-hazard-landscape-and-syntactic-mitigations-for-a-lisp-to-js-compiler.md
docs/design/06-final/0020-dd-15-language-architecture-functional-commitment-and-surface-vocabulary.md	project01-mvp/arc03-surface-language/artifacts/design/06-final/0020-dd-15-language-architecture-functional-commitment-and-surface-vocabulary.md
docs/design/06-final/0021-dd-16-func-function-definition-with-contracts-and-polymorphic-dispatch.md	project01-mvp/arc03-surface-language/artifacts/design/06-final/0021-dd-16-func-function-definition-with-contracts-and-polymorphic-dispatch.md
docs/design/06-final/0022-dd-17-type-match-algebraic-data-types-and-pattern-matching.md	project01-mvp/arc03-surface-language/artifacts/design/06-final/0022-dd-17-type-match-algebraic-data-types-and-pattern-matching.md
docs/design/06-final/0023-dd-18-threading-macros-and-conditional-binding.md	project01-mvp/arc03-surface-language/artifacts/design/06-final/0023-dd-18-threading-macros-and-conditional-binding.md
docs/design/06-final/0024-dd-19-contracts-detailed-semantics.md	project01-mvp/arc03-surface-language/artifacts/design/06-final/0024-dd-19-contracts-detailed-semantics.md
docs/design/06-final/0025-dd-20-rust-surface-compiler-architecture.md	project01-mvp/arc03-surface-language/artifacts/design/06-final/0025-dd-20-rust-surface-compiler-architecture.md
docs/design/06-final/0026-dd-21-type-analysis-and-exhaustiveness.md	project01-mvp/arc03-surface-language/artifacts/design/06-final/0026-dd-21-type-analysis-and-exhaustiveness.md
docs/design/06-final/0027-lykn-v0.3.0-implementation-plan.md	project01-mvp/arc03-surface-language/arc-plan.md
docs/design/06-final/0031-dd-22-surface-equality-and-logical-operators.md	project01-mvp/arc06-typed-bindings-and-parameters/artifacts/design/06-final/0031-dd-22-surface-equality-and-logical-operators.md
docs/design/06-final/0032-dd-23-set-external-property-mutation.md	project01-mvp/arc06-typed-bindings-and-parameters/artifacts/design/06-final/0032-dd-23-set-external-property-mutation.md
docs/design/06-final/0033-dd-24-bind-type-enforcement.md	project01-mvp/arc06-typed-bindings-and-parameters/artifacts/design/06-final/0033-dd-24-bind-type-enforcement.md
docs/design/06-final/0034-dd-25-destructured-parameters-in-surface-func-and-fn.md	project01-mvp/arc06-typed-bindings-and-parameters/artifacts/design/06-final/0034-dd-25-destructured-parameters-in-surface-func-and-fn.md
docs/design/06-final/0035-dd-25.1-nested-destructuring-and-defaults-in-funcfn-parameters.md	project01-mvp/arc06-typed-bindings-and-parameters/artifacts/design/06-final/0035-dd-25.1-nested-destructuring-and-defaults-in-funcfn-parameters.md
docs/design/06-final/0036-dd-26-generator-functions-and-async-iteration.md	project01-mvp/arc07-generators/arc-plan.md
docs/design/06-final/0037-dd-27-surface-form-expansion-inside-class-bodies.md	project01-mvp/arc08-class-surface-expansion/artifacts/design/06-final/0037-dd-27-surface-form-expansion-inside-class-bodies.md
docs/design/06-final/0038-dd-28-project-restructure-workspace-convention-and-cli-wrapper.md	project01-mvp/arc09-project-tooling/artifacts/design/06-final/0038-dd-28-project-restructure-workspace-convention-and-cli-wrapper.md
docs/design/06-final/0039-dd-29-lykn-new-project-template-generation.md	project01-mvp/arc09-project-tooling/artifacts/design/06-final/0039-dd-29-lykn-new-project-template-generation.md
docs/design/06-final/0040-dd-30-testing-dsl-forms-assertions-and-macro-design.md	project01-mvp/arc10-testing-dsl/artifacts/design/06-final/0040-dd-30-testing-dsl-forms-assertions-and-macro-design.md
docs/design/06-final/0041-dd-31-test-runner-cli-and-markdownliterate-testing.md	project01-mvp/arc10-testing-dsl/artifacts/design/06-final/0041-dd-31-test-runner-cli-and-markdownliterate-testing.md
docs/design/06-final/0042-dd-32-test-suite-migration-js-tests-to-lykn.md	project01-mvp/arc10-testing-dsl/artifacts/design/06-final/0042-dd-32-test-suite-migration-js-tests-to-lykn.md
docs/design/06-final/0043-dd-33-package-publishing-and-the-dist-boundary.md	project01-mvp/arc11-publishing-macro-resolution/artifacts/design/06-final/0043-dd-33-package-publishing-and-the-dist-boundary.md
docs/design/06-final/0044-dd-34-cross-package-import-macros-resolution.md	project01-mvp/arc11-publishing-macro-resolution/artifacts/design/06-final/0044-dd-34-cross-package-import-macros-resolution.md
docs/design/06-final/0045-dd-35-testing-strategy-for-the-publishing-pipeline.md	project01-mvp/arc11-publishing-macro-resolution/artifacts/design/06-final/0045-dd-35-testing-strategy-for-the-publishing-pipeline.md
docs/design/06-final/0048-import-macros-jsrnpm-cache-resolution-v-08-fix.md	project01-mvp/arc11-publishing-macro-resolution/artifacts/design/06-final/0048-import-macros-jsrnpm-cache-resolution-v-08-fix.md
docs/design/06-final/0049-identifier-mapping-lykn-js.md	project01-mvp/arc12-identifier-mapping/artifacts/design/06-final/0049-identifier-mapping-lykn-js.md
docs/design/06-final/0050-position-aware-compilation-of-conditional-and-block-forms.md	project01-mvp/arc13-position-aware-compilation/artifacts/design/06-final/0050-position-aware-compilation-of-conditional-and-block-forms.md
docs/design/06-final/0051-deno-native-tool-boundaries-deno-add-deno-task-deno-cache-lykn-add.md	project01-mvp/arc17-deno-tool-boundaries/artifacts/design/06-final/0051-deno-native-tool-boundaries-deno-add-deno-task-deno-cache-lykn-add.md
docs/design/06-final/0052-dd-52-surface-macros-js-loading-in-the-rust-expander.md	project02-language-toolchain-alignment/arc01-build-publish-toolchain/artifacts/design/06-final/0052-dd-52-surface-macros-js-loading-in-the-rust-expander.md
docs/design/06-final/0053-dd-53-v-08-sibling-fetch-for-surface-macros-0.6.0-ship-gate.md	project02-language-toolchain-alignment/arc01-build-publish-toolchain/artifacts/design/06-final/0053-dd-53-v-08-sibling-fetch-for-surface-macros-0.6.0-ship-gate.md
docs/design/06-final/0054-dd-54-binary-self-containment-embed-packageslang-in-the-lykn-binary.md	project02-language-toolchain-alignment/arc01-build-publish-toolchain/artifacts/design/06-final/0054-dd-54-binary-self-containment-embed-packageslang-in-the-lykn-binary.md
docs/design/06-final/0055-dd-55-template-macro-redesign-icu-messageformat-i18n-foundation.md	project02-language-toolchain-alignment/arc08-template-i18n/artifacts/design/06-final/0055-dd-55-template-macro-redesign-icu-messageformat-i18n-foundation.md
docs/design/index.md	project01-mvp/artifacts/design-index.md
docs/dev/0001-lykn-design-research-prompt.md	project01-mvp/artifacts/dev/0001-lykn-design-research-prompt.md
docs/dev/0002-plan-dd-28-project-restructure-workspace-convention-and-cli-wrapper.md	project01-mvp/arc09-project-tooling/artifacts/dev/0002-plan-dd-28-project-restructure-workspace-convention-and-cli-wrapper.md
docs/dev/0003-plan-rename-packageslykn-packageslang-lyknlang.md	project01-mvp/arc09-project-tooling/artifacts/dev/0003-plan-rename-packageslykn-packageslang-lyknlang.md
docs/dev/0004-dd-29-lykn-new-project-template-generation.md	project01-mvp/arc09-project-tooling/artifacts/dev/0004-dd-29-lykn-new-project-template-generation.md
docs/dev/0005-dd-31-test-runner-cli-and-markdownliterate-testing.md	project01-mvp/arc10-testing-dsl/artifacts/dev/0005-dd-31-test-runner-cli-and-markdownliterate-testing.md
docs/dev/0006-dd-32-test-suite-migration-js-tests-to-lykn.md	project01-mvp/arc10-testing-dsl/artifacts/dev/0006-dd-32-test-suite-migration-js-tests-to-lykn.md
docs/dev/0007-dd-35-testing-strategy-for-the-publishing-pipeline.md	project01-mvp/arc11-publishing-macro-resolution/artifacts/dev/0007-dd-35-testing-strategy-for-the-publishing-pipeline.md
docs/dev/0008-implementation-plan-dd-49-identifier-mapping-lykn-js.md	project01-mvp/arc12-identifier-mapping/artifacts/dev/0008-implementation-plan-dd-49-identifier-mapping-lykn-js.md
docs/dev/0009-implementation-plan-dd-50-position-aware-compilation.md	project01-mvp/arc13-position-aware-compilation/artifacts/dev/0009-implementation-plan-dd-50-position-aware-compilation.md
docs/dev/0010-dd-50.5-kernel-form-context-refinement-prompt-for-cc.md	project01-mvp/arc14-kernel-context-refinement/artifacts/dev/0010-dd-50.5-kernel-form-context-refinement-prompt-for-cc.md
docs/dev/0011-dd-50.5-addendum-switch-profile-fix-and-cross-compiler-test-coverage.md	project01-mvp/arc14-kernel-context-refinement/artifacts/dev/0011-dd-50.5-addendum-switch-profile-fix-and-cross-compiler-test-coverage.md
docs/dev/0012-dd-50.5-addendum-iteration-2-prompt-for-cc.md	project01-mvp/arc14-kernel-context-refinement/artifacts/dev/0012-dd-50.5-addendum-iteration-2-prompt-for-cc.md
docs/dev/0013-dd-50.5-addendum-iteration-3-prompt-for-cc.md	project01-mvp/arc14-kernel-context-refinement/artifacts/dev/0013-dd-50.5-addendum-iteration-3-prompt-for-cc.md
docs/dev/0014-dd-50.5-addendum-iteration-3-amendment-prompt-for-cc.md	project01-mvp/arc14-kernel-context-refinement/artifacts/dev/0014-dd-50.5-addendum-iteration-3-amendment-prompt-for-cc.md
docs/dev/0015-dd-51-implementation-prompt-for-cc.md	project01-mvp/arc17-deno-tool-boundaries/artifacts/dev/0015-dd-51-implementation-prompt-for-cc.md
docs/dev/0016-build-dir-reorg-prompt-for-cc.md	project02-language-toolchain-alignment/arc01-build-publish-toolchain/artifacts/dev/0016-build-dir-reorg-prompt-for-cc.md
docs/dev/0016-dd-50.6-implementation-prompt-for-cc.md	project01-mvp/arc15-implicit-return/artifacts/dev/0016-dd-50.6-implementation-prompt-for-cc.md
docs/dev/0017-guide-drift-cleanup-plan.md	project01-mvp/arc18-guide-alignment/artifacts/dev/0017-guide-drift-cleanup-plan.md
docs/dev/0018-cc-prompt-guide-drift-cleanup-session-a.md	project01-mvp/arc18-guide-alignment/artifacts/dev/0018-cc-prompt-guide-drift-cleanup-session-a.md
docs/dev/0019-cc-prompt-guide-drift-cleanup-session-c.md	project01-mvp/arc18-guide-alignment/artifacts/dev/0019-cc-prompt-guide-drift-cleanup-session-c.md
docs/dev/0020-dd-50.7-fix-dd-50-emission-for-downstream.md	project01-mvp/arc16-downstream-emission/artifacts/dev/0020-dd-50.7-fix-dd-50-emission-for-downstream.md
docs/dev/0021-dd-53-implementation-prompt-for-cc-v-08-sibling-fetch-for-surface-macros.md	project02-language-toolchain-alignment/arc01-build-publish-toolchain/artifacts/dev/0021-dd-53-implementation-prompt-for-cc-v-08-sibling-fetch-for-surface-macros.md
docs/dev/0022-dd-37-readiness-review-preparatory-notes.md	project02-language-toolchain-alignment/arc03-compiler-coherence/artifacts/dev/0022-dd-37-readiness-review-preparatory-notes.md
docs/dev/0023-m16-implementation-prompt-for-cc-cross-compiler-hygiene.md	project02-language-toolchain-alignment/arc03-compiler-coherence/artifacts/dev/0023-m16-implementation-prompt-for-cc-cross-compiler-hygiene.md
docs/dev/0024-if-profile-audit-pattern-for-special-case-intercepts.md	project02-language-toolchain-alignment/arc03-compiler-coherence/artifacts/dev/0024-if-profile-audit-pattern-for-special-case-intercepts.md
docs/dev/lang/0001-dd-01-colon-syntax-and-camelcase-conversion.md	project01-mvp/arc01-js-foundations/artifacts/dev/0001-dd-01-colon-syntax-and-camelcase-conversion.md
docs/dev/lang/0002-dd-02-function-forms-declaration-vs-expression.md	project01-mvp/arc01-js-foundations/artifacts/dev/0002-dd-02-function-forms-declaration-vs-expression.md
docs/dev/lang/0003-dd-03-async-await.md	project01-mvp/arc01-js-foundations/artifacts/dev/0003-dd-03-async-await.md
docs/dev/lang/0004-dd-04-modules-import-export.md	project01-mvp/arc01-js-foundations/artifacts/dev/0004-dd-04-modules-import-export.md
docs/dev/lang/0005-dd-05-template-literals.md	project01-mvp/arc01-js-foundations/artifacts/dev/0005-dd-05-template-literals.md
docs/dev/lang/0006-dd-06-destructuring-patterns.md	project01-mvp/arc01-js-foundations/artifacts/dev/0006-dd-06-destructuring-patterns.md
docs/dev/lang/0007-dd-07-class-syntax.md	project01-mvp/arc01-js-foundations/artifacts/dev/0007-dd-07-class-syntax.md
docs/dev/lang/0008-dd-08-special-atoms-update-operators.md	project01-mvp/arc01-js-foundations/artifacts/dev/0008-dd-08-special-atoms-update-operators.md
docs/dev/lang/0009-dd-09-v0.1.0-scope-and-phasing.md	project01-mvp/arc01-js-foundations/artifacts/dev/0009-dd-09-v0.1.0-scope-and-phasing.md
docs/dev/lang/0010-phase-1-foundation-implementation-guide.md	project01-mvp/arc01-js-foundations/artifacts/dev/0010-phase-1-foundation-implementation-guide.md
docs/dev/lang/0011-phase-2-core-forms-implementation-guide.md	project01-mvp/arc01-js-foundations/artifacts/dev/0011-phase-2-core-forms-implementation-guide.md
docs/dev/lang/0012-phase-3-expressions-implementation-guide.md	project01-mvp/arc01-js-foundations/artifacts/dev/0012-phase-3-expressions-implementation-guide.md
docs/dev/lang/0013-phase-4-patterns-destructuring-implementation-guide.md	project01-mvp/arc01-js-foundations/artifacts/dev/0013-phase-4-patterns-destructuring-implementation-guide.md
docs/dev/lang/0014-phase-5-classes-implementation-guide.md	project01-mvp/arc01-js-foundations/artifacts/dev/0014-phase-5-classes-implementation-guide.md
docs/dev/lang/0015-phase-6-browser-shim-implementation-guide.md	project01-mvp/arc01-js-foundations/artifacts/dev/0015-phase-6-browser-shim-implementation-guide.md
docs/dev/lang/0016-v0.2.0-phase-1-reader-extensions-implementation-guide.md	project01-mvp/arc02-macro-system/artifacts/dev/0016-v0.2.0-phase-1-reader-extensions-implementation-guide.md
docs/dev/lang/0017-v0.2.0-phase-2-expander-core-implementation-guide.md	project01-mvp/arc02-macro-system/artifacts/dev/0017-v0.2.0-phase-2-expander-core-implementation-guide.md
docs/dev/lang/0018-v0.2.0-phase-3-macro-definition-and-hygiene.md	project01-mvp/arc02-macro-system/artifacts/dev/0018-v0.2.0-phase-3-macro-definition-and-hygiene.md
docs/dev/lang/0019-v0.2.0-phase-4-three-pass-pipeline.md	project01-mvp/arc02-macro-system/artifacts/dev/0019-v0.2.0-phase-4-three-pass-pipeline.md
docs/dev/lang/0020-v0.2.0-phase-5-macro-modules.md	project01-mvp/arc02-macro-system/artifacts/dev/0020-v0.2.0-phase-5-macro-modules.md
docs/dev/lang/0021-v0.2.0-phase-6-browser-shim-update-and-testing.md	project01-mvp/arc02-macro-system/artifacts/dev/0021-v0.2.0-phase-6-browser-shim-update-and-testing.md
docs/dev/lang/0022-v0.3.0-phase-1-surface-form-macros.md	project01-mvp/arc03-surface-language/artifacts/dev/0022-v0.3.0-phase-1-surface-form-macros.md
docs/dev/lang/0023-v0.3.0-phase-2-complex-surface-form-macros.md	project01-mvp/arc03-surface-language/artifacts/dev/0023-v0.3.0-phase-2-complex-surface-form-macros.md
docs/dev/lang/0024-v0.3.0-phase-3-rust-toolchain-library.md	project01-mvp/arc03-surface-language/artifacts/dev/0024-v0.3.0-phase-3-rust-toolchain-library.md
docs/dev/lang/0025-v0.3.0-phase-4-analysis-module.md	project01-mvp/arc03-surface-language/artifacts/dev/0025-v0.3.0-phase-4-analysis-module.md
docs/dev/lang/0026-v0.3.0-phase-5-kernel-emitter-surface-ast-kernel-json.md	project01-mvp/arc03-surface-language/artifacts/dev/0026-v0.3.0-phase-5-kernel-emitter-surface-ast-kernel-json.md
docs/dev/lang/0027-v0.3.0-phase-6-macro-expander-deno-subprocess-three-pass-pipeline.md	project01-mvp/arc03-surface-language/artifacts/dev/0027-v0.3.0-phase-6-macro-expander-deno-subprocess-three-pass-pipeline.md
docs/dev/lang/0028-v0.3.0-phase-7-cli-integration-end-to-end-tests.md	project01-mvp/arc03-surface-language/artifacts/dev/0028-v0.3.0-phase-7-cli-integration-end-to-end-tests.md
docs/dev/lang/0029-dd-25-phase-1-js-surface-compiler-destructured-parameters.md	project01-mvp/arc06-typed-bindings-and-parameters/artifacts/dev/0029-dd-25-phase-1-js-surface-compiler-destructured-parameters.md
docs/dev/lang/0030-dd-25-phase-2-rust-ast-classifier-paramshape-type-and-parsing.md	project01-mvp/arc06-typed-bindings-and-parameters/artifacts/dev/0030-dd-25-phase-2-rust-ast-classifier-paramshape-type-and-parsing.md
docs/dev/lang/0031-dd-25-phase-3-rust-call-site-migration.md	project01-mvp/arc06-typed-bindings-and-parameters/artifacts/dev/0031-dd-25-phase-3-rust-call-site-migration.md
docs/dev/lang/0032-dd-25-phase-4-rust-tests-cross-compiler-verification.md	project01-mvp/arc06-typed-bindings-and-parameters/artifacts/dev/0032-dd-25-phase-4-rust-tests-cross-compiler-verification.md
docs/dev/lang/0033-dd-25-phase-5-book-update-chapter-15-section-3.md	project01-mvp/arc06-typed-bindings-and-parameters/artifacts/dev/0033-dd-25-phase-5-book-update-chapter-15-section-3.md
docs/dev/lang/0034-dd-25.1-phase-1-js-surface-compiler-default-in-destructured-parameters.md	project01-mvp/arc06-typed-bindings-and-parameters/artifacts/dev/0034-dd-25.1-phase-1-js-surface-compiler-default-in-destructured-parameters.md
docs/dev/lang/0035-dd-25.1-phase-2-js-surface-compiler-nested-destructuring-in-parameters.md	project01-mvp/arc06-typed-bindings-and-parameters/artifacts/dev/0035-dd-25.1-phase-2-js-surface-compiler-nested-destructuring-in-parameters.md
docs/dev/lang/0036-dd-25.1-phase-3-rust-ast-classifier-default-and-nested-destructuring.md	project01-mvp/arc06-typed-bindings-and-parameters/artifacts/dev/0036-dd-25.1-phase-3-rust-ast-classifier-default-and-nested-destructuring.md
docs/dev/lang/0037-dd-25.1-phase-4-rust-tests-cross-compiler-verification.md	project01-mvp/arc06-typed-bindings-and-parameters/artifacts/dev/0037-dd-25.1-phase-4-rust-tests-cross-compiler-verification.md
docs/dev/lang/0038-dd-25.1-phase-5-book-update-nested-destructuring-and-defaults.md	project01-mvp/arc06-typed-bindings-and-parameters/artifacts/dev/0038-dd-25.1-phase-5-book-update-nested-destructuring-and-defaults.md
docs/dev/lang/0039-cc-task-update-guides-and-idioms-for-dd-25-dd-25.1.md	project01-mvp/arc06-typed-bindings-and-parameters/artifacts/dev/0039-cc-task-update-guides-and-idioms-for-dd-25-dd-25.1.md
docs/dev/lang/0040-dd-27-surface-form-expansion-inside-class-bodies.md	project01-mvp/arc08-class-surface-expansion/artifacts/dev/0040-dd-27-surface-form-expansion-inside-class-bodies.md
docs/dev/lang/0041-dd-30-testing-dsl-forms-assertions-and-macro-design.md	project01-mvp/arc10-testing-dsl/artifacts/dev/0041-dd-30-testing-dsl-forms-assertions-and-macro-design.md
docs/dev/lang/0042-dd-33-package-publishing-and-the-dist-boundary.md	project01-mvp/arc11-publishing-macro-resolution/artifacts/dev/0042-dd-33-package-publishing-and-the-dist-boundary.md
docs/dev/lang/0043-dd-34-cross-package-import-macros-resolution.md	project01-mvp/arc11-publishing-macro-resolution/artifacts/dev/0043-dd-34-cross-package-import-macros-resolution.md
docs/dev/linguist-languages-entry.yml	project01-mvp/artifacts/ecosystem/linguist-languages-entry.yml
docs/dev/linguist-sample-note.md	project01-mvp/artifacts/ecosystem/linguist-sample-note.md
docs/dev/research/0001-estree-ast-node-type-inventory.md	project01-mvp/artifacts/research/0001-estree-ast-node-type-inventory.md
docs/dev/research/0002-astring-estree-node-coverage.md	project01-mvp/artifacts/research/0002-astring-estree-node-coverage.md
docs/dev/research/0003-eslisp-built-in-macros-s-expression-to-estree-mapping.md	project01-mvp/artifacts/research/0003-eslisp-built-in-macros-s-expression-to-estree-mapping.md
docs/dev/research/0004-gap-analysis-lykn-0.0.1-vs.-modern-javascript.md	project01-mvp/artifacts/research/0004-gap-analysis-lykn-0.0.1-vs.-modern-javascript.md
docs/dev/research/0005-browser-shim-research.md	project01-mvp/artifacts/research/0005-browser-shim-research.md
docs/dev/research/0006-the-evolution-of-lisp-core-forms-a-tabular-history.md	project01-mvp/artifacts/research/0006-the-evolution-of-lisp-core-forms-a-tabular-history.md
docs/dev/research/0007-the-quest-for-minimal-lisp-how-special-forms-evolved.md	project01-mvp/artifacts/research/0007-the-quest-for-minimal-lisp-how-special-forms-evolved.md
docs/design-v0.7.0/01-treeshake-audit/cc-prompt.md	project03-language-evolution/slice01-treeshake-audit/cc-prompt.md
docs/design-v0.7.0/01-treeshake-audit/fixtures/app-lib.lykn	project03-language-evolution/slice01-treeshake-audit/fixtures/app-lib.lykn
docs/design-v0.7.0/01-treeshake-audit/fixtures/app-main.lykn	project03-language-evolution/slice01-treeshake-audit/fixtures/app-main.lykn
docs/design-v0.7.0/01-treeshake-audit/fixtures/f01-bind.lykn	project03-language-evolution/slice01-treeshake-audit/fixtures/f01-bind.lykn
docs/design-v0.7.0/01-treeshake-audit/fixtures/f02-func.lykn	project03-language-evolution/slice01-treeshake-audit/fixtures/f02-func.lykn
docs/design-v0.7.0/01-treeshake-audit/fixtures/f03-type.lykn	project03-language-evolution/slice01-treeshake-audit/fixtures/f03-type.lykn
docs/design-v0.7.0/01-treeshake-audit/fixtures/f04-match.lykn	project03-language-evolution/slice01-treeshake-audit/fixtures/f04-match.lykn
docs/design-v0.7.0/01-treeshake-audit/fixtures/f05-cell.lykn	project03-language-evolution/slice01-treeshake-audit/fixtures/f05-cell.lykn
docs/design-v0.7.0/01-treeshake-audit/fixtures/f06-threading.lykn	project03-language-evolution/slice01-treeshake-audit/fixtures/f06-threading.lykn
docs/design-v0.7.0/01-treeshake-audit/fixtures/f07-template.lykn	project03-language-evolution/slice01-treeshake-audit/fixtures/f07-template.lykn
docs/design-v0.7.0/01-treeshake-audit/fixtures/f08-import-export.lykn	project03-language-evolution/slice01-treeshake-audit/fixtures/f08-import-export.lykn
docs/design-v0.7.0/01-treeshake-audit/fixtures/f09-macros.lykn	project03-language-evolution/slice01-treeshake-audit/fixtures/f09-macros.lykn
docs/design-v0.7.0/01-treeshake-audit/fixtures/macros-impl.lykn	project03-language-evolution/slice01-treeshake-audit/fixtures/macros-impl.lykn
docs/design-v0.7.0/01-treeshake-audit/inventory.md	project03-language-evolution/slice01-treeshake-audit/inventory.md
docs/design-v0.7.0/01-treeshake-audit/ledger.md	project03-language-evolution/slice01-treeshake-audit/ledger.md
docs/design-v0.7.0/01-treeshake-audit/predictions.md	project03-language-evolution/slice01-treeshake-audit/predictions.md
docs/design-v0.7.0/01-treeshake-audit/scripts/shake-experiment.js	project03-language-evolution/slice01-treeshake-audit/scripts/shake-experiment.js
docs/design-v0.7.0/01-treeshake-audit/scripts/toplevel-walker.js	project03-language-evolution/slice01-treeshake-audit/scripts/toplevel-walker.js
docs/design-v0.7.0/01-treeshake-audit/slice-doc.md	project03-language-evolution/slice01-treeshake-audit/slice-plan.md
docs/design-v0.7.0/02-packaging-strategy/cc-prompt.md	project03-language-evolution/slice02-packaging-strategy/cc-prompt.md
docs/design-v0.7.0/02-packaging-strategy/ledger.md	project03-language-evolution/slice02-packaging-strategy/ledger.md
docs/design-v0.7.0/02-packaging-strategy/slice-doc.md	project03-language-evolution/slice02-packaging-strategy/slice-plan.md
docs/design-v0.7.0/03-threading-macros/data/catalog-es2025.json	project03-language-evolution/slice03-threading-macros/data/catalog-es2025.json
docs/design-v0.7.0/03-threading-macros/data/catalog-es2025.tsv	project03-language-evolution/slice03-threading-macros/data/catalog-es2025.tsv
docs/design-v0.7.0/03-threading-macros/data/catalog-host.json	project03-language-evolution/slice03-threading-macros/data/catalog-host.json
docs/design-v0.7.0/03-threading-macros/data/catalog-host.tsv	project03-language-evolution/slice03-threading-macros/data/catalog-host.tsv
docs/design-v0.7.0/03-threading-macros/data/deno-types-version.txt	project03-language-evolution/slice03-threading-macros/data/deno-types-version.txt
docs/design-v0.7.0/03-threading-macros/data/parity-transcript.txt	project03-language-evolution/slice03-threading-macros/data/parity-transcript.txt
docs/design-v0.7.0/03-threading-macros/discovery-rows.md	project03-language-evolution/slice03-threading-macros/discovery-rows.md
docs/design-v0.7.0/03-threading-macros/inventory.md	project03-language-evolution/slice03-threading-macros/inventory.md
docs/design-v0.7.0/03-threading-macros/ledger.md	project03-language-evolution/slice03-threading-macros/ledger.md
docs/design-v0.7.0/03-threading-macros/scripts/build-catalog.py	project03-language-evolution/slice03-threading-macros/scripts/build-catalog.py
docs/design-v0.7.0/03-threading-macros/scripts/probe-threading-rust.sh	project03-language-evolution/slice03-threading-macros/scripts/probe-threading-rust.sh
docs/design-v0.7.0/03-threading-macros/scripts/probe-threading.js	project03-language-evolution/slice03-threading-macros/scripts/probe-threading.js
docs/design-v0.7.0/03-threading-macros/slice-doc.md	project03-language-evolution/slice03-threading-macros/slice-plan.md
docs/design-v0.7.0/BACKLOG.md	project03-language-evolution/BACKLOG.md
docs/design-v0.7.0/README.md	project03-language-evolution/README.md
docs/design-v0.8.0/arc01-c-target-research/arc-plan.md	project04-c-lang/arc01-c-target-research/arc-plan.md
docs/design-v0.8.0/arc01-c-target-research/initial-thoughts.md	project04-c-lang/arc01-c-target-research/initial-thoughts.md
docs/design-v0.8.0/project-plan.md	project04-c-lang/project-plan.md
docs/hardware-v0.8.0/README.md	project05-hardware/README.md
docs/hardware-v0.8.0/arc01-laptop-sensor-contract/arc-plan.md	project05-hardware/arc01-laptop-sensor-contract/arc-plan.md
docs/hardware-v0.8.0/arc01-laptop-sensor-contract/slice01-procurement-and-bench-contract/cc-prompt.md	project05-hardware/arc01-laptop-sensor-contract/slice01-procurement-and-bench-contract/cc-prompt.md
docs/hardware-v0.8.0/arc01-laptop-sensor-contract/slice01-procurement-and-bench-contract/cdc-verification.md	project05-hardware/arc01-laptop-sensor-contract/slice01-procurement-and-bench-contract/cdc-verification.md
docs/hardware-v0.8.0/arc01-laptop-sensor-contract/slice01-procurement-and-bench-contract/closing-report.md	project05-hardware/arc01-laptop-sensor-contract/slice01-procurement-and-bench-contract/closing-report.md
docs/hardware-v0.8.0/arc01-laptop-sensor-contract/slice01-procurement-and-bench-contract/ledger.md	project05-hardware/arc01-laptop-sensor-contract/slice01-procurement-and-bench-contract/ledger.md
docs/hardware-v0.8.0/arc01-laptop-sensor-contract/slice01-procurement-and-bench-contract/slice-doc.md	project05-hardware/arc01-laptop-sensor-contract/slice01-procurement-and-bench-contract/slice-plan.md
docs/hardware-v0.8.0/arc01-laptop-sensor-contract/slice02-manual-register-bringup/cc-prompt.md	project05-hardware/arc01-laptop-sensor-contract/slice02-manual-register-bringup/cc-prompt.md
docs/hardware-v0.8.0/arc01-laptop-sensor-contract/slice02-manual-register-bringup/ledger.md	project05-hardware/arc01-laptop-sensor-contract/slice02-manual-register-bringup/ledger.md
docs/hardware-v0.8.0/arc01-laptop-sensor-contract/slice02-manual-register-bringup/slice-doc.md	project05-hardware/arc01-laptop-sensor-contract/slice02-manual-register-bringup/slice-plan.md
docs/hardware-v0.8.0/arc02-mcu-c-harness/arc-plan.md	project05-hardware/arc02-mcu-c-harness/arc-plan.md
docs/hardware-v0.8.0/arc03-storage-path/arc-plan.md	project05-hardware/arc03-storage-path/arc-plan.md
docs/hardware-v0.8.0/arc04-mcu-imu-data-path/arc-plan.md	project05-hardware/arc04-mcu-imu-data-path/arc-plan.md
docs/hardware-v0.8.0/arc05-power-behavior/arc-plan.md	project05-hardware/arc05-power-behavior/arc-plan.md
docs/hardware-v0.8.0/arc06-fake-ctb-timing/arc-plan.md	project05-hardware/arc06-fake-ctb-timing/arc-plan.md
docs/hardware-v0.8.0/arc07-sensor-comparison/arc-plan.md	project05-hardware/arc07-sensor-comparison/arc-plan.md
docs/hardware-v0.8.0/project-plan.md	project05-hardware/project-plan.md
